Geschlecht,Alter,Kinder,Familienstand,Berufstaetig,Einkaufstag,Einkaufsuhrzeit,Wohnort,Haushaltsnettoeinkommen,Einkaufssumme,Fertiggerichte,Tiefkuehlware,Milchprodukte,Backwaren,Obst/Gemuese,Spirituosen,Tiernahrung,Bier,Frischfleisch,Drogerieartikel,Konserven,Kaffee/Tee,Suessigkeiten,Wurstwaren,Schreibwaren
w,>60,nein,ledig,nein,Montag,<10 Uhr,< 10 km,<1000,311,0,0,0,69,0,10,213,0,0,0,12,7,0,0,0
m,18-30,nein,ledig,nein,Samstag,<10 Uhr,> 25 km,1000-<2000,293,0,0,0,0,0,11,36,14,24,0,13,0,6,189,0
w,>60,nein,ledig,nein,Samstag,<10 Uhr,10 - 25 km,3200-<4500,237,0,0,0,28,88,13,62,0,0,0,0,16,8,0,22
m,18-30,nein,ledig,ja,Samstag,10-12 Uhr,10 - 25 km,1000-<2000,39,8,0,0,0,0,17,0,7,0,0,2,0,5,0,0
w,18-30,nein,ledig,ja,Donnerstag,10-12 Uhr,< 10 km,1000-<2000,138,0,0,0,0,0,0,0,138,0,0,0,0,0,0,0
m,18-30,ja,ledig,ja,Samstag,>17 Uhr,10 - 25 km,1000-<2000,180,2,0,0,9,6,19,0,48,12,0,14,70,0,0,0
w,18-30,nein,ledig,nein,Montag,12-14 Uhr,10 - 25 km,1000-<2000,122,0,0,15,0,0,0,60,39,0,0,0,0,8,0,0
m,>60,nein,Partnerschaft,nein,Mittwoch,10-12 Uhr,< 10 km,1000-<2000,92,12,0,0,0,0,0,0,0,0,0,10,0,70,0,0
m,>60,nein,ledig,nein,Samstag,14-17 Uhr,10 - 25 km,>4500,229,2,0,3,0,0,0,63,0,0,0,8,0,0,153,0
w,>60,nein,ledig,nein,Samstag,10-12 Uhr,< 10 km,3200-<4500,191,0,0,0,15,0,18,19,0,0,0,4,63,72,0,0
m,41-50,ja,Partnerschaft,ja,Samstag,>17 Uhr,< 10 km,1000-<2000,276,9,0,4,0,0,0,0,63,124,0,16,0,0,0,60
w,>60,nein,ledig,nein,Donnerstag,<10 Uhr,10 - 25 km,1000-<2000,136,0,0,0,7,0,27,7,20,0,0,0,11,0,64,0
m,>60,nein,ledig,nein,Samstag,<10 Uhr,10 - 25 km,1000-<2000,74,35,0,6,0,0,0,0,0,0,25,8,0,0,0,0
m,18-30,ja,ledig,nein,Samstag,10-12 Uhr,< 10 km,3200-<4500,277,7,4,0,0,0,7,0,248,4,0,7,0,0,0,0
w,51-60,ja,ledig,nein,Freitag,>17 Uhr,10 - 25 km,3200-<4500,108,0,0,0,11,0,12,77,0,0,0,0,8,0,0,0
w,>60,nein,ledig,nein,Samstag,<10 Uhr,< 10 km,<1000,96,0,0,0,19,0,5,4,32,21,0,0,15,0,0,0
w,41-50,nein,ledig,nein,Donnerstag,10-12 Uhr,> 25 km,1000-<2000,484,0,42,0,0,0,140,108,126,68,0,0,0,0,0,0
m,41-50,nein,ledig,ja,Samstag,14-17 Uhr,10 - 25 km,<1000,147,3,0,30,0,0,0,0,0,0,7,5,36,66,0,0
m,18-30,ja,ledig,nein,Mittwoch,10-12 Uhr,> 25 km,<1000,444,21,0,0,0,0,6,70,192,88,0,13,0,0,54,0
m,18-30,ja,ledig,ja,Samstag,10-12 Uhr,< 10 km,1000-<2000,205,1,0,0,40,24,21,0,101,9,0,9,0,0,0,0
m,18-30,nein,ledig,nein,Samstag,<10 Uhr,< 10 km,1000-<2000,279,12,0,0,0,0,18,0,13,233,0,3,0,0,0,0
w,41-50,nein,ledig,nein,Samstag,>17 Uhr,> 25 km,<1000,101,0,0,0,24,0,0,45,0,32,0,0,0,0,0,0
w,18-30,ja,ledig,ja,Samstag,<10 Uhr,10 - 25 km,3200-<4500,6,6,0,0,0,0,0,0,0,0,0,0,0,0,0,0
w,41-50,ja,ledig,ja,Mittwoch,10-12 Uhr,10 - 25 km,1000-<2000,391,24,66,0,0,0,0,0,234,0,0,0,0,0,3,64
w,>60,nein,ledig,nein,Donnerstag,<10 Uhr,10 - 25 km,2000-<3200,322,0,48,0,41,0,5,99,0,0,0,0,0,75,0,54
w,>60,ja,Partnerschaft,ja,Montag,10-12 Uhr,10 - 25 km,3200-<4500,149,0,0,0,7,0,49,14,0,0,0,0,65,14,0,0
w,>60,ja,ledig,nein,Samstag,14-17 Uhr,< 10 km,3200-<4500,123,0,0,0,11,0,8,89,0,0,0,0,15,0,0,0
m,18-30,nein,ledig,ja,Samstag,14-17 Uhr,10 - 25 km,1000-<2000,200,42,0,0,10,0,21,0,13,8,12,10,0,84,0,0
w,51-60,nein,ledig,nein,Mittwoch,10-12 Uhr,< 10 km,<1000,24,0,0,0,4,0,5,11,0,0,0,0,4,0,0,0
m,>60,nein,Partnerschaft,nein,Samstag,<10 Uhr,10 - 25 km,>4500,133,8,10,0,0,0,0,0,0,0,0,5,0,72,0,38
w,41-50,ja,Partnerschaft,ja,Dienstag,>17 Uhr,< 10 km,1000-<2000,84,0,0,14,0,0,0,0,0,0,0,0,0,70,0,0
w,18-30,nein,ledig,ja,Freitag,>17 Uhr,10 - 25 km,<1000,315,10,0,0,0,25,0,72,0,208,0,0,0,0,0,0
m,18-30,nein,Partnerschaft,ja,Samstag,14-17 Uhr,10 - 25 km,<1000,165,1,0,0,0,54,0,0,6,7,0,9,88,0,0,0
m,51-60,nein,ledig,ja,Samstag,10-12 Uhr,< 10 km,3200-<4500,151,5,30,0,0,0,0,0,0,104,0,12,0,0,0,0
w,18-30,nein,ledig,nein,Montag,>17 Uhr,< 10 km,<1000,298,0,0,0,16,0,0,72,210,0,0,0,0,0,0,0
m,>60,nein,ledig,nein,Samstag,10-12 Uhr,> 25 km,1000-<2000,100,2,0,0,0,0,0,0,0,7,0,3,0,88,0,0
m,>60,ja,ledig,ja,Samstag,12-14 Uhr,10 - 25 km,1000-<2000,219,12,0,0,0,0,0,26,22,0,0,11,80,0,68,0
m,18-30,nein,ledig,nein,Samstag,14-17 Uhr,< 10 km,>4500,325,1,0,0,0,28,20,55,19,133,0,18,16,0,0,35
m,51-60,nein,ledig,ja,Samstag,<10 Uhr,< 10 km,3200-<4500,139,1,0,0,49,0,0,24,0,0,0,10,0,48,0,7
m,18-30,ja,ledig,ja,Samstag,>17 Uhr,10 - 25 km,3200-<4500,192,5,0,0,0,0,6,0,7,163,0,11,0,0,0,0
m,18-30,ja,ledig,ja,Samstag,10-12 Uhr,< 10 km,<1000,253,3,0,0,0,0,2,108,0,18,0,8,0,0,84,30
w,41-50,nein,ledig,nein,Samstag,10-12 Uhr,< 10 km,<1000,245,4,0,0,0,0,0,40,153,0,0,0,0,0,0,48
m,18-30,ja,ledig,nein,Samstag,10-12 Uhr,10 - 25 km,<1000,67,12,0,0,0,0,13,0,19,12,0,11,0,0,0,0
m,>60,nein,Partnerschaft,nein,Samstag,14-17 Uhr,10 - 25 km,2000-<3200,151,9,18,0,0,0,0,72,40,0,0,12,0,0,0,0
w,>60,nein,ledig,nein,Freitag,<10 Uhr,< 10 km,<1000,176,30,0,0,50,12,11,58,0,0,0,0,15,0,0,0
w,>60,ja,ledig,nein,Samstag,10-12 Uhr,< 10 km,1000-<2000,208,0,0,0,3,0,5,5,0,98,0,0,1,96,0,0
m,18-30,nein,ledig,ja,Samstag,>17 Uhr,< 10 km,<1000,118,5,0,0,0,0,17,0,14,11,0,3,0,0,68,0
w,31-40,ja,ledig,nein,Donnerstag,14-17 Uhr,< 10 km,1000-<2000,146,10,0,0,0,0,0,0,91,0,0,0,0,0,0,45
m,18-30,nein,ledig,nein,Samstag,10-12 Uhr,10 - 25 km,3200-<4500,341,54,56,0,56,56,18,0,51,19,18,1,0,12,0,0
w,41-50,nein,ledig,nein,Montag,>17 Uhr,10 - 25 km,3200-<4500,222,0,72,0,18,0,0,0,0,110,0,0,0,22,0,0
m,>60,ja,ledig,ja,Samstag,<10 Uhr,10 - 25 km,3200-<4500,173,5,0,0,12,0,0,0,0,144,0,12,0,0,0,0
w,>60,nein,ledig,nein,Freitag,<10 Uhr,< 10 km,2000-<3200,232,0,3,21,10,0,8,97,0,0,0,0,15,28,50,0
w,18-30,ja,Partnerschaft,ja,Dienstag,<10 Uhr,< 10 km,3200-<4500,33,0,24,0,4,0,0,0,0,0,0,0,0,5,0,0
m,18-30,nein,Partnerschaft,ja,Samstag,10-12 Uhr,10 - 25 km,2000-<3200,177,0,0,0,3,0,20,49,6,13,0,14,0,0,72,0
w,41-50,ja,Partnerschaft,ja,Donnerstag,>17 Uhr,< 10 km,1000-<2000,128,0,0,0,0,0,0,0,0,0,0,0,30,98,0,0
m,>60,nein,Partnerschaft,nein,Samstag,10-12 Uhr,> 25 km,2000-<3200,424,38,12,3,20,0,0,0,216,51,0,12,0,0,72,0
w,18-30,nein,ledig,nein,Freitag,>17 Uhr,> 25 km,2000-<3200,139,0,0,1,25,0,0,0,0,0,48,0,0,65,0,0
m,31-40,nein,Partnerschaft,ja,Samstag,10-12 Uhr,< 10 km,<1000,62,11,0,0,0,0,0,0,0,0,0,1,0,50,0,0
m,18-30,nein,ledig,nein,Samstag,>17 Uhr,10 - 25 km,1000-<2000,120,9,72,0,6,0,7,14,5,5,0,2,0,0,0,0
m,31-40,ja,ledig,nein,Freitag,10-12 Uhr,< 10 km,<1000,17,5,0,0,0,0,0,0,0,0,0,12,0,0,0,0
w,31-40,nein,ledig,ja,Donnerstag,<10 Uhr,< 10 km,2000-<3200,162,0,0,0,0,0,0,72,0,90,0,0,0,0,0,0
m,18-30,nein,Partnerschaft,ja,Donnerstag,<10 Uhr,< 10 km,2000-<3200,102,7,0,0,0,0,14,0,2,11,0,2,0,66,0,0
w,18-30,ja,Partnerschaft,nein,Samstag,>17 Uhr,< 10 km,1000-<2000,234,0,0,6,54,14,0,0,120,0,0,0,0,0,0,40
w,>60,nein,ledig,nein,Donnerstag,14-17 Uhr,< 10 km,3200-<4500,284,0,0,0,19,0,1,17,0,0,0,0,163,0,0,84
m,18-30,nein,Partnerschaft,nein,Samstag,14-17 Uhr,10 - 25 km,>4500,102,10,35,0,20,0,9,0,10,6,0,12,0,0,0,0
m,18-30,ja,ledig,nein,Samstag,>17 Uhr,< 10 km,<1000,45,13,0,0,0,18,9,0,1,0,0,4,0,0,0,0
w,>60,nein,ledig,nein,Samstag,10-12 Uhr,10 - 25 km,<1000,75,0,15,0,5,0,3,16,0,21,0,0,15,0,0,0
w,>60,nein,ledig,nein,Samstag,12-14 Uhr,< 10 km,1000-<2000,444,0,0,5,19,48,11,29,248,0,14,0,10,60,0,0
m,>60,nein,ledig,nein,Samstag,<10 Uhr,< 10 km,<1000,34,5,0,0,0,0,0,0,0,0,0,5,0,24,0,0
w,18-30,nein,ledig,nein,Donnerstag,>17 Uhr,10 - 25 km,>4500,105,0,0,0,0,20,0,0,0,15,0,0,0,70,0,0
w,>60,nein,ledig,nein,Samstag,<10 Uhr,< 10 km,2000-<3200,104,0,0,0,41,30,2,10,0,0,0,0,9,0,0,12
w,>60,nein,ledig,nein,Samstag,10-12 Uhr,< 10 km,>4500,25,0,0,0,9,0,3,3,0,0,0,0,10,0,0,0
m,>60,ja,ledig,nein,Montag,10-12 Uhr,10 - 25 km,2000-<3200,279,14,42,0,0,0,0,0,170,0,0,9,0,0,44,0
w,51-60,ja,ledig,ja,Mittwoch,12-14 Uhr,10 - 25 km,1000-<2000,204,0,70,0,8,0,12,28,0,0,0,0,19,11,0,56
w,18-30,ja,ledig,nein,Montag,<10 Uhr,10 - 25 km,1000-<2000,175,0,0,0,0,0,0,0,0,0,0,2,45,2,126,0
m,>60,nein,ledig,nein,Samstag,<10 Uhr,10 - 25 km,1000-<2000,72,12,0,0,0,0,0,0,0,0,0,9,0,51,0,0
w,18-30,ja,ledig,ja,Samstag,>17 Uhr,10 - 25 km,3200-<4500,97,0,0,0,0,0,0,0,0,0,0,0,0,72,15,10
w,18-30,nein,ledig,ja,Mittwoch,>17 Uhr,10 - 25 km,3200-<4500,95,0,0,20,0,0,0,0,18,0,18,0,39,0,0,0
w,51-60,nein,ledig,nein,Donnerstag,>17 Uhr,< 10 km,3200-<4500,171,28,0,0,32,0,13,7,0,0,0,0,79,12,0,0
m,41-50,nein,Partnerschaft,nein,Samstag,14-17 Uhr,10 - 25 km,3200-<4500,226,4,0,0,0,0,0,90,0,88,0,14,0,30,0,0
w,51-60,ja,ledig,ja,Samstag,>17 Uhr,10 - 25 km,3200-<4500,149,0,0,0,0,0,1,22,0,126,0,0,0,0,0,0
w,18-30,nein,ledig,ja,Donnerstag,>17 Uhr,< 10 km,2000-<3200,50,0,0,0,0,0,18,0,0,0,0,0,0,0,32,0
w,18-30,nein,ledig,nein,Freitag,12-14 Uhr,< 10 km,1000-<2000,209,0,0,0,12,0,0,119,78,0,0,0,0,0,0,0
m,18-30,ja,ledig,nein,Samstag,>17 Uhr,< 10 km,>4500,483,50,0,6,0,0,45,0,129,102,0,1,0,70,0,80
w,41-50,nein,ledig,nein,Freitag,>17 Uhr,< 10 km,1000-<2000,197,0,21,0,0,0,36,0,27,0,35,0,0,78,0,0
m,18-30,ja,ledig,nein,Samstag,>17 Uhr,< 10 km,1000-<2000,118,5,50,0,0,0,14,0,2,10,24,13,0,0,0,0
w,18-30,nein,ledig,nein,Montag,>17 Uhr,> 25 km,<1000,162,0,36,0,12,0,0,18,0,80,0,0,0,16,0,0
m,41-50,nein,ledig,nein,Samstag,<10 Uhr,< 10 km,1000-<2000,172,0,0,0,0,0,0,0,165,0,0,4,0,3,0,0
m,51-60,nein,ledig,ja,Freitag,<10 Uhr,10 - 25 km,3200-<4500,80,5,0,9,0,0,0,0,51,0,0,9,6,0,0,0
w,18-30,nein,Partnerschaft,ja,Samstag,>17 Uhr,> 25 km,3200-<4500,116,0,0,0,0,6,0,0,0,0,6,42,0,6,56,0
m,18-30,nein,ledig,nein,Samstag,14-17 Uhr,< 10 km,<1000,280,13,48,0,9,0,32,0,57,10,0,3,0,0,108,0
w,18-30,ja,ledig,ja,Montag,14-17 Uhr,10 - 25 km,1000-<2000,39,0,30,0,0,0,0,0,0,0,0,0,0,0,0,9
w,>60,nein,ledig,nein,Samstag,<10 Uhr,< 10 km,2000-<3200,168,12,0,0,11,0,0,49,0,0,0,0,96,0,0,0
w,18-30,ja,Partnerschaft,nein,Donnerstag,>17 Uhr,< 10 km,1000-<2000,265,0,0,0,0,4,0,0,0,0,48,0,119,64,0,30
m,18-30,ja,ledig,ja,Samstag,>17 Uhr,< 10 km,>4500,226,11,0,24,24,0,14,7,16,0,0,0,0,108,0,22
m,>60,nein,ledig,nein,Dienstag,<10 Uhr,10 - 25 km,<1000,91,35,9,0,0,0,0,0,28,0,15,4,0,0,0,0
w,41-50,nein,ledig,nein,Donnerstag,<10 Uhr,< 10 km,<1000,82,0,72,10,0,0,0,0,0,0,0,0,0,0,0,0
m,>60,ja,ledig,nein,Donnerstag,>17 Uhr,< 10 km,<1000,188,12,0,0,7,63,0,0,66,0,0,7,0,0,0,33
m,18-30,nein,Partnerschaft,nein,Samstag,<10 Uhr,> 25 km,3200-<4500,124,9,0,0,0,0,21,56,17,6,0,2,13,0,0,0
m,>60,nein,ledig,nein,Samstag,<10 Uhr,10 - 25 km,2000-<3200,14,0,0,0,0,0,0,0,0,0,0,14,0,0,0,0
w,>60,nein,ledig,nein,Donnerstag,14-17 Uhr,< 10 km,<1000,241,0,0,0,4,0,1,1,0,0,0,0,9,42,112,72
m,51-60,nein,Partnerschaft,nein,Samstag,>17 Uhr,< 10 km,>4500,196,8,0,0,0,9,0,0,0,155,0,0,0,24,0,0
m,18-30,nein,Partnerschaft,ja,Samstag,<10 Uhr,10 - 25 km,1000-<2000,313,10,0,0,0,16,18,30,182,0,0,14,8,35,0,0
w,41-50,nein,ledig,nein,Samstag,14-17 Uhr,< 10 km,1000-<2000,99,0,0,0,27,0,54,0,0,0,0,18,0,0,0,0
w,18-30,nein,Partnerschaft,nein,Donnerstag,<10 Uhr,10 - 25 km,1000-<2000,48,0,0,0,0,36,0,0,0,0,0,12,0,0,0,0
w,>60,nein,ledig,nein,Samstag,12-14 Uhr,10 - 25 km,3200-<4500,429,0,0,0,18,0,63,17,81,248,0,0,2,0,0,0
w,>60,nein,Partnerschaft,nein,Samstag,10-12 Uhr,< 10 km,2000-<3200,197,40,0,0,5,56,2,53,0,0,21,12,8,0,0,0
w,31-40,nein,ledig,ja,Donnerstag,<10 Uhr,10 - 25 km,1000-<2000,344,0,0,0,40,0,0,0,0,192,0,0,0,112,0,0
w,>60,nein,ledig,ja,Samstag,10-12 Uhr,10 - 25 km,<1000,88,0,0,25,6,0,0,26,0,0,0,0,15,16,0,0
w,51-60,ja,Partnerschaft,nein,Mittwoch,<10 Uhr,< 10 km,3200-<4500,295,0,0,0,30,30,13,42,29,0,0,0,7,0,144,0
m,31-40,nein,ledig,nein,Samstag,12-14 Uhr,< 10 km,<1000,97,1,0,0,0,35,0,0,20,0,0,9,0,21,0,11
w,51-60,nein,ledig,nein,Samstag,>17 Uhr,10 - 25 km,>4500,129,0,0,0,18,0,1,26,14,56,0,0,8,6,0,0
w,41-50,nein,ledig,nein,Donnerstag,<10 Uhr,< 10 km,3200-<4500,348,0,0,0,0,0,0,0,224,124,0,0,0,0,0,0
w,>60,nein,ledig,nein,Montag,10-12 Uhr,< 10 km,<1000,169,0,0,0,9,0,5,21,0,76,0,0,58,0,0,0
m,31-40,nein,Partnerschaft,nein,Samstag,>17 Uhr,10 - 25 km,1000-<2000,51,14,15,0,0,0,0,0,0,0,0,8,0,14,0,0
w,51-60,nein,Partnerschaft,nein,Montag,>17 Uhr,< 10 km,1000-<2000,213,0,0,0,32,0,3,7,0,152,0,0,19,0,0,0
m,18-30,ja,ledig,ja,Samstag,10-12 Uhr,10 - 25 km,<1000,94,3,3,0,48,0,2,0,12,6,0,8,12,0,0,0
m,51-60,nein,ledig,ja,Montag,<10 Uhr,< 10 km,1000-<2000,75,3,0,0,9,3,0,0,6,40,0,14,0,0,0,0
w,41-50,nein,Partnerschaft,nein,Montag,<10 Uhr,< 10 km,1000-<2000,7,0,0,0,4,0,0,0,0,0,0,0,0,0,3,0
w,41-50,nein,ledig,ja,Donnerstag,>17 Uhr,< 10 km,1000-<2000,382,0,0,0,0,0,0,0,0,225,0,0,125,32,0,0
w,51-60,nein,Partnerschaft,nein,Donnerstag,10-12 Uhr,< 10 km,1000-<2000,185,15,0,0,10,0,101,21,0,0,28,0,10,0,0,0
w,>60,nein,Partnerschaft,nein,Samstag,10-12 Uhr,10 - 25 km,>4500,121,0,0,0,0,0,10,2,0,99,0,0,10,0,0,0
w,>60,nein,ledig,nein,Montag,<10 Uhr,< 10 km,2000-<3200,198,36,0,0,71,0,10,22,54,0,0,0,5,0,0,0
w,>60,ja,Partnerschaft,nein,Dienstag,12-14 Uhr,10 - 25 km,<1000,116,48,0,6,9,0,8,20,13,0,0,0,12,0,0,0
m,>60,ja,ledig,nein,Dienstag,14-17 Uhr,< 10 km,2000-<3200,176,6,0,0,10,8,78,0,0,40,0,23,0,0,0,11
w,>60,ja,ledig,nein,Donnerstag,10-12 Uhr,10 - 25 km,1000-<2000,370,56,7,2,13,0,0,28,264,0,0,0,0,0,0,0
w,>60,ja,Partnerschaft,nein,Samstag,>17 Uhr,> 25 km,1000-<2000,132,0,0,0,1,0,3,16,0,0,72,0,5,35,0,0
w,18-30,ja,ledig,ja,Montag,<10 Uhr,10 - 25 km,>4500,299,0,25,6,20,16,0,0,232,0,0,0,0,0,0,0
m,>60,ja,ledig,nein,Samstag,<10 Uhr,> 25 km,1000-<2000,64,10,0,12,0,0,0,30,0,0,0,8,0,4,0,0
m,18-30,ja,ledig,ja,Samstag,>17 Uhr,10 - 25 km,2000-<3200,352,8,0,4,15,0,64,0,19,10,0,2,104,0,0,126
w,>60,nein,Partnerschaft,nein,Donnerstag,<10 Uhr,> 25 km,2000-<3200,109,0,0,0,14,0,0,3,28,0,10,0,14,0,40,0
m,18-30,nein,ledig,nein,Samstag,<10 Uhr,10 - 25 km,1000-<2000,79,1,0,0,0,0,32,0,12,3,0,31,0,0,0,0
m,18-30,nein,Partnerschaft,nein,Samstag,12-14 Uhr,< 10 km,<1000,157,18,0,0,6,0,10,0,15,72,0,2,0,22,0,12
w,18-30,nein,Partnerschaft,nein,Freitag,14-17 Uhr,10 - 25 km,1000-<2000,0,0,0,0,0,0,0,0,0,0,0,0,0,0,0,0
w,18-30,ja,Partnerschaft,ja,Montag,14-17 Uhr,< 10 km,2000-<3200,106,0,0,0,0,0,0,0,0,0,0,0,90,16,0,0
w,41-50,nein,ledig,ja,Montag,<10 Uhr,10 - 25 km,1000-<2000,103,0,0,4,0,4,0,0,28,0,0,18,0,49,0,0
w,41-50,ja,Partnerschaft,ja,Samstag,12-14 Uhr,10 - 25 km,<1000,189,0,0,0,10,0,0,0,44,0,0,0,135,0,0,0
m,18-30,nein,ledig,ja,Dienstag,>17 Uhr,> 25 km,1000-<2000,136,13,0,0,0,0,12,0,6,103,0,2,0,0,0,0
m,18-30,ja,ledig,ja,Mittwoch,10-12 Uhr,10 - 25 km,1000-<2000,571,2,0,0,54,0,20,0,4,241,0,4,0,0,102,144
w,>60,ja,ledig,nein,Mittwoch,<10 Uhr,10 - 25 km,<1000,287,0,24,0,11,28,40,2,0,0,0,0,10,96,76,0
m,>60,nein,ledig,nein,Samstag,<10 Uhr,< 10 km,<1000,473,9,0,0,0,0,162,108,136,0,0,10,48,0,0,0
m,>60,ja,ledig,nein,Samstag,12-14 Uhr,10 - 25 km,1000-<2000,293,8,32,0,0,25,0,0,132,0,0,0,0,0,96,0
w,51-60,nein,Partnerschaft,nein,Mittwoch,>17 Uhr,10 - 25 km,<1000,213,0,40,0,51,24,8,87,0,0,0,0,3,0,0,0
w,>60,nein,Partnerschaft,ja,Samstag,<10 Uhr,< 10 km,1000-<2000,104,0,30,0,8,0,6,10,0,0,0,0,50,0,0,0
m,>60,nein,ledig,nein,Samstag,>17 Uhr,> 25 km,1000-<2000,214,10,0,0,0,0,112,0,57,0,30,5,0,0,0,0
w,41-50,nein,ledig,nein,Donnerstag,10-12 Uhr,< 10 km,<1000,215,0,2,0,0,0,0,0,20,13,0,0,0,78,102,0
w,31-40,ja,ledig,nein,Samstag,>17 Uhr,> 25 km,1000-<2000,48,0,35,0,0,0,0,0,0,0,0,0,0,6,7,0
w,18-30,nein,ledig,ja,Mittwoch,>17 Uhr,10 - 25 km,1000-<2000,62,0,0,0,0,0,0,0,0,30,30,2,0,0,0,0
w,18-30,ja,Partnerschaft,ja,Freitag,>17 Uhr,< 10 km,<1000,46,36,0,0,0,0,0,0,0,0,10,0,0,0,0,0
w,18-30,ja,ledig,nein,Dienstag,>17 Uhr,< 10 km,<1000,141,28,18,0,0,0,0,55,0,0,40,0,0,0,0,0
w,18-30,nein,Partnerschaft,ja,Montag,<10 Uhr,10 - 25 km,>4500,150,0,0,0,21,0,0,0,90,0,0,0,39,0,0,0
m,31-40,ja,Partnerschaft,nein,Samstag,<10 Uhr,< 10 km,2000-<3200,22,11,0,0,0,0,0,0,0,0,0,11,0,0,0,0
w,51-60,nein,ledig,ja,Freitag,10-12 Uhr,> 25 km,<1000,217,0,0,25,84,0,5,3,0,0,0,0,37,0,63,0
w,18-30,nein,ledig,nein,Freitag,>17 Uhr,10 - 25 km,1000-<2000,202,0,0,0,0,0,0,55,0,96,0,0,11,40,0,0
m,18-30,nein,ledig,nein,Samstag,>17 Uhr,< 10 km,1000-<2000,52,6,0,0,0,0,10,18,0,16,0,2,0,0,0,0
m,18-30,ja,ledig,nein,Samstag,>17 Uhr,< 10 km,1000-<2000,240,11,6,0,42,0,13,0,12,0,0,4,0,24,0,128
w,18-30,nein,ledig,nein,Samstag,>17 Uhr,> 25 km,>4500,220,5,0,0,54,0,0,0,161,0,0,0,0,0,0,0
w,41-50,ja,ledig,ja,Mittwoch,12-14 Uhr,< 10 km,1000-<2000,54,0,0,0,40,0,5,0,0,0,0,9,0,0,0,0
w,41-50,ja,Partnerschaft,nein,Mittwoch,<10 Uhr,< 10 km,1000-<2000,90,0,0,8,40,6,0,0,0,36,0,0,0,0,0,0
m,41-50,nein,Partnerschaft,nein,Samstag,14-17 Uhr,10 - 25 km,<1000,44,8,0,0,20,8,0,0,0,0,0,8,0,0,0,0
w,>60,nein,Partnerschaft,nein,Freitag,<10 Uhr,< 10 km,1000-<2000,51,0,0,0,6,0,7,10,0,0,0,18,10,0,0,0
w,>60,nein,ledig,nein,Samstag,<10 Uhr,10 - 25 km,>4500,128,0,2,0,0,0,13,28,0,0,0,0,10,0,75,0
w,>60,nein,ledig,nein,Donnerstag,<10 Uhr,< 10 km,2000-<3200,138,0,0,6,30,0,55,24,0,0,0,0,23,0,0,0
m,18-30,ja,ledig,ja,Samstag,10-12 Uhr,< 10 km,2000-<3200,63,13,0,0,0,0,10,0,12,9,18,1,0,0,0,0
m,18-30,nein,ledig,nein,Samstag,>17 Uhr,< 10 km,1000-<2000,261,32,0,0,0,0,8,0,15,154,0,4,0,0,48,0
w,41-50,nein,ledig,nein,Samstag,>17 Uhr,10 - 25 km,<1000,295,0,49,0,0,0,0,0,0,0,0,0,0,80,126,40
m,18-30,nein,ledig,ja,Samstag,14-17 Uhr,< 10 km,<1000,44,1,0,0,0,0,10,0,12,8,0,7,0,6,0,0
m,31-40,nein,ledig,nein,Montag,12-14 Uhr,< 10 km,<1000,22,12,0,0,0,0,0,0,0,0,8,2,0,0,0,0
w,18-30,nein,ledig,ja,Freitag,12-14 Uhr,10 - 25 km,2000-<3200,9,0,0,9,0,0,0,0,0,0,0,0,0,0,0,0
w,51-60,nein,ledig,ja,Donnerstag,14-17 Uhr,< 10 km,<1000,101,0,0,0,18,0,6,24,0,24,0,0,29,0,0,0
m,18-30,nein,ledig,ja,Freitag,<10 Uhr,< 10 km,1000-<2000,317,41,0,0,8,0,17,16,7,93,0,0,0,135,0,0
w,>60,nein,ledig,nein,Samstag,<10 Uhr,< 10 km,>4500,276,0,63,0,16,0,9,77,96,0,0,0,10,5,0,0
m,>60,nein,Partnerschaft,nein,Donnerstag,<10 Uhr,< 10 km,1000-<2000,43,10,0,18,0,0,0,0,0,0,15,0,0,0,0,0
m,18-30,ja,ledig,nein,Samstag,14-17 Uhr,10 - 25 km,<1000,269,12,0,4,0,0,21,27,41,16,0,22,126,0,0,0
m,41-50,nein,Partnerschaft,nein,Samstag,>17 Uhr,10 - 25 km,>4500,336,7,0,9,0,0,4,0,128,0,0,4,0,22,162,0
m,>60,ja,ledig,nein,Freitag,10-12 Uhr,10 - 25 km,2000-<3200,389,2,25,0,0,36,0,24,245,0,0,9,0,48,0,0
m,18-30,nein,ledig,ja,Samstag,>17 Uhr,10 - 25 km,1000-<2000,354,9,0,12,40,45,1,90,17,9,0,12,0,63,56,0
w,>60,nein,ledig,nein,Mittwoch,14-17 Uhr,10 - 25 km,>4500,117,21,0,4,1,0,10,1,0,0,0,0,10,70,0,0
w,51-60,ja,ledig,nein,Donnerstag,<10 Uhr,10 - 25 km,1000-<2000,204,4,0,0,19,16,3,28,0,0,0,0,13,72,0,49
w,31-40,nein,ledig,ja,Donnerstag,10-12 Uhr,< 10 km,<1000,111,0,0,0,0,0,0,36,39,0,0,0,0,36,0,0
w,>60,ja,ledig,nein,Samstag,<10 Uhr,10 - 25 km,2000-<3200,98,0,8,4,1,49,0,5,0,0,0,0,6,0,25,0
w,18-30,ja,Partnerschaft,nein,Samstag,14-17 Uhr,< 10 km,1000-<2000,327,0,30,0,6,0,0,48,147,0,0,0,0,0,0,96
w,18-30,ja,ledig,nein,Samstag,10-12 Uhr,< 10 km,3200-<4500,155,0,0,35,0,40,0,0,0,0,0,0,0,80,0,0
w,18-30,nein,ledig,nein,Samstag,>17 Uhr,> 25 km,3200-<4500,151,0,1,0,10,0,0,0,0,0,0,0,90,0,0,50
m,18-30,nein,ledig,ja,Samstag,>17 Uhr,< 10 km,2000-<3200,210,14,49,4,0,0,3,0,16,21,0,10,0,45,28,20
w,31-40,nein,ledig,nein,Donnerstag,>17 Uhr,< 10 km,<1000,172,0,24,9,0,24,0,80,0,0,35,0,0,0,0,0
w,18-30,nein,Partnerschaft,ja,Dienstag,<10 Uhr,> 25 km,1000-<2000,109,0,0,0,0,7,48,0,0,10,0,32,0,12,0,0
w,41-50,nein,ledig,nein,Freitag,10-12 Uhr,< 10 km,3200-<4500,59,0,0,16,36,0,0,0,0,0,7,0,0,0,0,0
w,18-30,nein,ledig,nein,Mittwoch,10-12 Uhr,< 10 km,1000-<2000,37,0,0,0,12,0,0,0,0,0,0,0,0,16,0,9
w,18-30,nein,Partnerschaft,nein,Samstag,<10 Uhr,< 10 km,<1000,6,0,0,0,6,0,0,0,0,0,0,0,0,0,0,0
m,>60,nein,ledig,nein,Donnerstag,10-12 Uhr,> 25 km,1000-<2000,98,11,45,0,0,11,0,0,0,0,0,9,0,0,0,22
w,>60,nein,ledig,nein,Donnerstag,<10 Uhr,10 - 25 km,>4500,76,0,12,8,22,0,1,8,0,0,0,0,16,0,9,0
m,31-40,nein,ledig,nein,Samstag,<10 Uhr,< 10 km,2000-<3200,249,42,88,0,20,0,0,0,0,0,0,1,0,98,0,0
w,51-60,ja,Partnerschaft,nein,Freitag,>17 Uhr,10 - 25 km,>4500,56,0,0,0,6,32,5,5,0,0,0,0,3,5,0,0
m,18-30,nein,Partnerschaft,ja,Samstag,>17 Uhr,< 10 km,1000-<2000,95,11,0,0,0,12,11,0,12,11,0,11,27,0,0,0
w,>60,nein,ledig,ja,Montag,10-12 Uhr,< 10 km,2000-<3200,166,0,0,0,45,0,4,15,8,0,0,4,16,11,0,63
m,18-30,ja,ledig,nein,Samstag,>17 Uhr,< 10 km,2000-<3200,364,6,40,0,14,0,5,0,107,14,0,26,0,152,0,0
w,41-50,nein,ledig,ja,Samstag,10-12 Uhr,> 25 km,1000-<2000,151,0,0,0,0,0,0,0,0,0,0,0,96,55,0,0
w,>60,ja,Partnerschaft,nein,Donnerstag,<10 Uhr,< 10 km,1000-<2000,406,0,0,0,1,56,4,19,240,21,0,0,11,36,18,0
w,18-30,ja,ledig,nein,Samstag,<10 Uhr,< 10 km,<1000,119,0,0,0,56,0,0,0,0,0,0,0,0,0,63,0
w,18-30,nein,ledig,ja,Samstag,>17 Uhr,10 - 25 km,1000-<2000,6,0,6,0,0,0,0,0,0,0,0,0,0,0,0,0
w,>60,nein,ledig,nein,Samstag,14-17 Uhr,< 10 km,2000-<3200,183,0,0,0,7,0,96,8,0,0,0,0,72,0,0,0
m,18-30,nein,ledig,ja,Samstag,<10 Uhr,< 10 km,2000-<3200,85,1,0,0,0,32,26,0,14,9,0,3,0,0,0,0
m,18-30,nein,Partnerschaft,ja,Samstag,<10 Uhr,< 10 km,<1000,65,7,30,0,9,0,4,0,0,7,0,8,0,0,0,0
w,41-50,nein,ledig,ja,Dienstag,<10 Uhr,< 10 km,1000-<2000,634,0,0,0,0,72,0,0,288,72,0,0,56,10,0,136
w,>60,nein,ledig,nein,Donnerstag,<10 Uhr,< 10 km,1000-<2000,294,0,0,0,56,0,127,10,0,0,0,0,17,84,0,0
w,>60,nein,Partnerschaft,nein,Dienstag,10-12 Uhr,< 10 km,>4500,195,0,25,0,65,36,2,22,36,0,0,0,9,0,0,0
w,>60,nein,ledig,nein,Freitag,14-17 Uhr,< 10 km,3200-<4500,163,27,0,0,11,0,3,10,0,0,36,0,57,0,19,0
m,18-30,nein,Partnerschaft,nein,Samstag,12-14 Uhr,10 - 25 km,<1000,189,12,0,0,0,0,0,0,113,2,0,8,0,0,54,0
m,>60,ja,ledig,nein,Samstag,10-12 Uhr,10 - 25 km,3200-<4500,74,9,0,18,36,0,0,0,0,0,0,11,0,0,0,0
w,51-60,nein,Partnerschaft,ja,Samstag,<10 Uhr,10 - 25 km,<1000,33,0,0,0,6,0,7,18,0,0,0,0,2,0,0,0
w,>60,nein,ledig,ja,Donnerstag,12-14 Uhr,10 - 25 km,2000-<3200,95,0,0,0,42,0,11,24,0,0,0,0,11,7,0,0
w,51-60,nein,Partnerschaft,ja,Donnerstag,12-14 Uhr,< 10 km,2000-<3200,106,0,12,16,15,12,8,16,0,0,0,0,7,20,0,0
w,18-30,nein,Partnerschaft,ja,Mittwoch,10-12 Uhr,> 25 km,>4500,0,0,0,0,0,0,0,0,0,0,0,0,0,0,0,0
w,18-30,nein,ledig,nein,Samstag,>17 Uhr,10 - 25 km,1000-<2000,100,0,0,16,0,0,0,0,0,84,0,0,0,0,0,0
m,18-30,nein,ledig,ja,Samstag,>17 Uhr,< 10 km,2000-<3200,188,9,21,28,3,0,17,0,49,8,0,13,0,25,0,15
m,51-60,nein,ledig,nein,Samstag,>17 Uhr,10 - 25 km,>4500,84,4,24,0,56,0,0,0,0,0,0,0,0,0,0,0
m,18-30,nein,ledig,nein,Montag,10-12 Uhr,< 10 km,<1000,90,13,0,0,0,0,6,0,14,9,0,0,0,36,0,12
m,18-30,ja,Partnerschaft,nein,Samstag,10-12 Uhr,< 10 km,<1000,80,2,6,0,0,0,51,0,15,5,0,1,0,0,0,0
w,>60,nein,Partnerschaft,nein,Samstag,<10 Uhr,10 - 25 km,2000-<3200,180,0,36,1,2,48,9,2,0,0,0,0,82,0,0,0
m,18-30,nein,ledig,nein,Mittwoch,14-17 Uhr,< 10 km,2000-<3200,159,4,63,0,42,0,21,0,17,2,8,2,0,0,0,0
m,18-30,nein,Partnerschaft,nein,Samstag,>17 Uhr,< 10 km,<1000,108,10,0,0,0,0,21,36,15,8,4,14,0,0,0,0
m,18-30,ja,ledig,nein,Mittwoch,12-14 Uhr,> 25 km,<1000,94,4,12,14,6,0,19,0,13,10,0,16,0,0,0,0
m,>60,nein,ledig,nein,Dienstag,14-17 Uhr,< 10 km,1000-<2000,142,0,0,0,27,0,25,0,0,0,0,2,0,0,88,0
w,31-40,ja,ledig,ja,Mittwoch,>17 Uhr,10 - 25 km,<1000,412,0,0,0,24,36,0,0,160,120,0,6,0,66,0,0
m,41-50,nein,ledig,nein,Samstag,12-14 Uhr,10 - 25 km,1000-<2000,82,5,0,0,0,0,0,0,72,0,0,0,0,5,0,0
w,51-60,ja,Partnerschaft,nein,Donnerstag,12-14 Uhr,< 10 km,1000-<2000,157,0,30,0,3,0,3,52,0,0,0,0,13,56,0,0
w,51-60,nein,ledig,ja,Montag,<10 Uhr,< 10 km,1000-<2000,164,28,0,4,7,0,38,12,0,0,0,6,5,64,0,0
m,41-50,ja,Partnerschaft,ja,Mittwoch,>17 Uhr,10 - 25 km,1000-<2000,183,3,0,0,0,0,39,0,0,24,21,6,90,0,0,0
m,41-50,nein,ledig,nein,Samstag,<10 Uhr,10 - 25 km,<1000,392,8,4,0,0,0,0,28,279,21,0,52,0,0,0,0
m,>60,nein,ledig,nein,Freitag,10-12 Uhr,< 10 km,>4500,376,22,48,0,0,54,0,0,0,155,0,12,0,85,0,0
w,31-40,nein,Partnerschaft,nein,Mittwoch,>17 Uhr,10 - 25 km,1000-<2000,22,16,0,0,0,0,0,0,0,0,0,6,0,0,0,0
m,>60,nein,Partnerschaft,nein,Samstag,<10 Uhr,< 10 km,3200-<4500,325,14,0,0,0,0,0,0,0,135,0,7,0,49,120,0
w,>60,ja,ledig,nein,Freitag,<10 Uhr,< 10 km,2000-<3200,125,0,0,0,4,0,10,13,0,0,0,0,18,0,0,80
w,18-30,ja,Partnerschaft,ja,Mittwoch,10-12 Uhr,> 25 km,3200-<4500,238,0,12,0,20,0,0,0,190,0,0,16,0,0,0,0
m,>60,nein,ledig,nein,Samstag,<10 Uhr,10 - 25 km,<1000,347,21,0,0,0,0,0,76,0,162,0,3,85,0,0,0
w,18-30,ja,ledig,nein,Mittwoch,>17 Uhr,< 10 km,2000-<3200,334,0,0,0,24,0,0,0,63,108,3,0,0,16,120,0
m,41-50,nein,ledig,nein,Samstag,>17 Uhr,> 25 km,2000-<3200,161,11,24,0,0,0,0,0,108,0,0,9,0,0,9,0
w,>60,ja,Partnerschaft,nein,Donnerstag,<10 Uhr,< 10 km,1000-<2000,176,0,0,0,9,0,2,14,96,0,0,35,8,0,0,12
m,51-60,nein,Partnerschaft,nein,Samstag,<10 Uhr,10 - 25 km,1000-<2000,293,4,0,0,0,64,0,0,20,0,0,2,0,126,77,0
w,41-50,ja,ledig,nein,Montag,10-12 Uhr,10 - 25 km,3200-<4500,175,4,0,0,0,0,0,0,24,0,30,0,117,0,0,0
m,18-30,nein,ledig,ja,Samstag,>17 Uhr,< 10 km,<1000,283,35,0,1,0,0,18,72,55,97,0,5,0,0,0,0
m,18-30,nein,Partnerschaft,nein,Samstag,10-12 Uhr,10 - 25 km,1000-<2000,236,14,0,0,32,54,53,3,3,16,0,25,0,36,0,0
w,18-30,ja,ledig,ja,Donnerstag,<10 Uhr,< 10 km,1000-<2000,128,15,32,0,18,0,0,63,0,0,0,0,0,0,0,0
w,18-30,nein,ledig,ja,Montag,10-12 Uhr,10 - 25 km,<1000,54,10,0,0,0,0,0,0,23,0,0,21,0,0,0,0
m,18-30,ja,ledig,nein,Samstag,<10 Uhr,10 - 25 km,>4500,271,56,0,0,56,0,9,0,10,1,0,5,80,54,0,0
w,>60,nein,Partnerschaft,nein,Freitag,10-12 Uhr,10 - 25 km,1000-<2000,430,20,0,0,11,0,7,102,0,0,40,0,138,112,0,0
w,18-30,nein,Partnerschaft,nein,Samstag,>17 Uhr,< 10 km,>4500,9,0,0,0,0,9,0,0,0,0,0,0,0,0,0,0
w,18-30,ja,ledig,nein,Donnerstag,12-14 Uhr,10 - 25 km,3200-<4500,277,0,0,0,0,40,0,11,0,48,20,14,144,0,0,0
w,>60,nein,Partnerschaft,nein,Mittwoch,<10 Uhr,10 - 25 km,1000-<2000,77,0,0,0,12,0,4,18,38,0,0,0,5,0,0,0
w,>60,nein,Partnerschaft,nein,Donnerstag,<10 Uhr,10 - 25 km,<1000,351,0,0,8,7,0,46,29,192,0,0,0,69,0,0,0
m,18-30,nein,Partnerschaft,ja,Samstag,>17 Uhr,10 - 25 km,<1000,242,2,0,0,0,0,4,54,7,5,54,1,115,0,0,0
m,>60,nein,ledig,ja,Samstag,12-14 Uhr,< 10 km,3200-<4500,84,3,16,0,0,0,0,60,0,0,0,5,0,0,0,0
w,41-50,nein,ledig,ja,Mittwoch,10-12 Uhr,< 10 km,2000-<3200,195,0,0,0,0,72,108,0,8,0,0,0,0,0,0,7
m,41-50,nein,Partnerschaft,nein,Samstag,10-12 Uhr,< 10 km,1000-<2000,362,10,0,14,35,0,0,0,0,90,0,16,0,98,99,0
w,18-30,nein,ledig,ja,Samstag,>17 Uhr,10 - 25 km,1000-<2000,402,0,0,0,0,0,0,0,297,0,6,0,0,0,0,99
w,41-50,nein,ledig,ja,Montag,10-12 Uhr,< 10 km,1000-<2000,168,0,0,0,0,0,0,0,0,0,0,0,0,0,88,80
m,18-30,nein,ledig,ja,Samstag,>17 Uhr,10 - 25 km,<1000,324,14,0,16,15,0,96,0,5,156,0,2,20,0,0,0
m,18-30,nein,ledig,nein,Montag,<10 Uhr,< 10 km,<1000,105,9,0,0,54,0,14,0,0,15,0,13,0,0,0,0
w,>60,nein,ledig,nein,Samstag,14-17 Uhr,< 10 km,2000-<3200,104,0,54,0,10,0,1,13,0,0,0,10,16,0,0,0
w,18-30,nein,ledig,ja,Samstag,10-12 Uhr,< 10 km,3200-<4500,189,0,0,0,18,0,20,0,39,0,0,0,88,24,0,0
w,>60,ja,ledig,nein,Dienstag,<10 Uhr,< 10 km,<1000,40,0,0,0,2,0,10,7,0,0,0,2,19,0,0,0
w,51-60,ja,ledig,ja,Montag,10-12 Uhr,10 - 25 km,1000-<2000,318,0,0,0,11,0,15,94,0,0,15,0,12,171,0,0
m,18-30,nein,Partnerschaft,nein,Samstag,10-12 Uhr,< 10 km,2000-<3200,307,2,0,0,0,0,13,0,13,0,0,21,0,108,150,0
m,18-30,nein,ledig,nein,Samstag,<10 Uhr,< 10 km,2000-<3200,97,1,0,0,0,0,62,0,13,9,0,12,0,0,0,0
m,>60,ja,Partnerschaft,nein,Samstag,<10 Uhr,10 - 25 km,3200-<4500,181,1,80,0,0,0,0,0,0,0,0,14,0,8,0,78
w,31-40,nein,Partnerschaft,nein,Samstag,12-14 Uhr,10 - 25 km,<1000,21,0,1,0,0,0,0,0,0,0,0,0,0,20,0,0
m,18-30,nein,ledig,nein,Samstag,>17 Uhr,< 10 km,2000-<3200,106,6,0,32,0,21,12,0,13,8,0,14,0,0,0,0
w,>60,nein,ledig,nein,Montag,<10 Uhr,< 10 km,<1000,315,0,0,0,14,48,2,4,54,63,0,0,11,119,0,0
m,18-30,nein,ledig,ja,Samstag,10-12 Uhr,< 10 km,>4500,102,5,35,0,0,0,6,0,14,14,27,1,0,0,0,0
w,31-40,nein,ledig,nein,Donnerstag,<10 Uhr,10 - 25 km,<1000,107,24,0,0,0,0,0,13,0,0,0,0,0,70,0,0
m,>60,nein,ledig,nein,Samstag,10-12 Uhr,< 10 km,>4500,170,14,2,0,12,0,0,64,18,0,56,4,0,0,0,0
w,>60,ja,Partnerschaft,nein,Samstag,10-12 Uhr,< 10 km,1000-<2000,203,0,0,0,5,28,14,0,0,0,0,16,3,11,0,126
w,41-50,nein,Partnerschaft,nein,Dienstag,>17 Uhr,10 - 25 km,1000-<2000,316,0,0,0,0,0,0,0,228,0,0,0,56,0,32,0
w,41-50,nein,ledig,ja,Mittwoch,>17 Uhr,< 10 km,<1000,18,3,0,0,12,0,0,0,0,0,0,0,0,3,0,0
m,18-30,ja,ledig,nein,Montag,12-14 Uhr,> 25 km,3200-<4500,308,12,0,0,0,0,15,0,14,3,0,0,0,0,152,112
w,>60,nein,Partnerschaft,nein,Donnerstag,<10 Uhr,< 10 km,<1000,164,0,0,0,10,0,8,75,35,0,0,0,9,0,27,0
m,18-30,nein,Partnerschaft,nein,Samstag,>17 Uhr,10 - 25 km,3200-<4500,313,8,30,4,14,0,3,0,74,36,0,5,0,11,128,0
m,31-40,ja,ledig,nein,Samstag,>17 Uhr,10 - 25 km,<1000,170,20,15,6,0,0,0,0,0,0,0,5,78,20,0,26
m,18-30,ja,ledig,ja,Samstag,>17 Uhr,< 10 km,<1000,336,0,0,0,0,0,6,72,17,123,0,34,0,0,84,0
w,>60,nein,ledig,nein,Samstag,10-12 Uhr,> 25 km,3200-<4500,333,0,0,0,24,0,0,9,222,0,0,0,6,48,24,0
m,41-50,nein,ledig,ja,Samstag,<10 Uhr,< 10 km,1000-<2000,376,9,6,2,0,0,0,0,279,0,0,6,14,0,0,60
m,18-30,nein,Partnerschaft,nein,Samstag,>17 Uhr,< 10 km,<1000,238,14,0,0,0,0,11,0,139,61,0,13,0,0,0,0
w,41-50,ja,ledig,ja,Dienstag,<10 Uhr,< 10 km,>4500,253,0,0,0,0,0,64,84,105,0,0,0,0,0,0,0
w,51-60,nein,Partnerschaft,ja,Samstag,14-17 Uhr,10 - 25 km,>4500,116,0,0,0,4,0,10,75,0,0,12,0,15,0,0,0
m,18-30,nein,Partnerschaft,nein,Samstag,>17 Uhr,< 10 km,1000-<2000,188,4,0,0,28,0,19,0,75,20,0,6,0,9,0,27
w,18-30,nein,ledig,nein,Dienstag,<10 Uhr,< 10 km,2000-<3200,4,0,0,0,0,0,0,0,0,0,4,0,0,0,0,0
w,51-60,ja,ledig,nein,Donnerstag,10-12 Uhr,< 10 km,<1000,193,25,40,0,107,0,1,8,0,0,0,0,12,0,0,0
w,18-30,nein,Partnerschaft,ja,Samstag,>17 Uhr,10 - 25 km,<1000,30,0,0,0,0,0,0,0,30,0,0,0,0,0,0,0
w,41-50,ja,Partnerschaft,nein,Mittwoch,>17 Uhr,< 10 km,>4500,85,0,0,0,0,40,0,11,0,0,16,18,0,0,0,0
m,41-50,nein,ledig,ja,Samstag,<10 Uhr,< 10 km,2000-<3200,134,14,0,0,0,0,0,0,0,0,0,12,0,0,0,108
m,18-30,ja,ledig,nein,Samstag,>17 Uhr,> 25 km,<1000,250,2,56,0,7,24,16,0,72,16,0,0,0,0,57,0
m,>60,nein,ledig,nein,Samstag,14-17 Uhr,< 10 km,1000-<2000,124,29,0,0,7,0,0,0,0,0,24,4,0,0,0,60
m,>60,nein,ledig,nein,Samstag,10-12 Uhr,< 10 km,3200-<4500,170,8,0,0,28,0,0,17,0,0,0,13,0,104,0,0
m,>60,nein,ledig,nein,Samstag,10-12 Uhr,< 10 km,<1000,92,52,5,0,4,0,0,16,0,0,15,0,0,0,0,0
w,>60,ja,ledig,nein,Samstag,<10 Uhr,< 10 km,<1000,100,36,0,0,27,0,14,2,0,0,0,0,14,0,7,0
m,18-30,ja,ledig,nein,Donnerstag,<10 Uhr,> 25 km,2000-<3200,177,11,0,0,6,26,77,0,13,36,0,8,0,0,0,0
m,18-30,ja,ledig,ja,Samstag,12-14 Uhr,< 10 km,1000-<2000,75,4,0,18,0,0,20,0,0,15,0,2,0,16,0,0
m,18-30,nein,Partnerschaft,nein,Samstag,>17 Uhr,< 10 km,1000-<2000,113,12,0,0,36,0,20,0,4,12,0,29,0,0,0,0
w,18-30,nein,ledig,ja,Donnerstag,12-14 Uhr,< 10 km,<1000,12,0,0,0,0,0,0,0,0,0,4,0,8,0,0,0
w,>60,nein,ledig,nein,Donnerstag,<10 Uhr,10 - 25 km,>4500,213,0,18,0,18,45,3,15,72,0,0,0,12,0,30,0
w,31-40,ja,Partnerschaft,nein,Montag,>17 Uhr,10 - 25 km,3200-<4500,8,0,0,0,0,0,0,0,0,0,0,0,0,8,0,0
w,>60,ja,ledig,nein,Freitag,10-12 Uhr,> 25 km,1000-<2000,78,0,0,0,18,0,5,27,0,0,0,0,4,24,0,0
m,18-30,nein,Partnerschaft,nein,Mittwoch,>17 Uhr,10 - 25 km,>4500,198,6,0,0,0,0,15,36,12,100,27,2,0,0,0,0
m,18-30,nein,Partnerschaft,nein,Samstag,>17 Uhr,< 10 km,<1000,130,29,0,6,0,0,1,0,15,10,14,3,0,52,0,0
w,18-30,nein,Partnerschaft,nein,Freitag,<10 Uhr,< 10 km,2000-<3200,119,0,0,0,35,0,0,48,0,0,0,0,36,0,0,0
m,>60,nein,ledig,nein,Dienstag,<10 Uhr,< 10 km,2000-<3200,108,10,14,0,0,49,0,0,0,0,0,23,0,0,0,12
m,41-50,ja,ledig,ja,Freitag,12-14 Uhr,10 - 25 km,2000-<3200,196,10,0,0,0,0,0,55,120,0,0,11,0,0,0,0
w,18-30,nein,Partnerschaft,ja,Samstag,<10 Uhr,10 - 25 km,>4500,302,0,0,0,27,2,0,12,78,105,0,0,0,0,78,0
w,>60,ja,ledig,nein,Samstag,<10 Uhr,10 - 25 km,<1000,189,0,0,0,43,4,54,17,42,0,0,0,11,0,0,18
m,18-30,nein,ledig,nein,Samstag,<10 Uhr,10 - 25 km,2000-<3200,265,12,25,6,4,0,10,0,172,16,0,11,0,0,9,0
m,>60,nein,ledig,nein,Dienstag,12-14 Uhr,10 - 25 km,1000-<2000,162,4,0,0,0,0,0,0,25,0,18,3,0,13,36,63
w,51-60,nein,Partnerschaft,ja,Freitag,14-17 Uhr,10 - 25 km,3200-<4500,141,12,0,0,34,0,4,0,0,0,0,0,91,0,0,0
m,>60,nein,Partnerschaft,nein,Freitag,10-12 Uhr,> 25 km,3200-<4500,135,11,0,0,18,0,0,0,0,0,24,7,0,75,0,0
w,41-50,nein,ledig,nein,Donnerstag,<10 Uhr,< 10 km,1000-<2000,210,0,0,0,0,0,0,35,126,0,0,0,0,49,0,0
m,18-30,nein,ledig,nein,Montag,10-12 Uhr,10 - 25 km,1000-<2000,187,30,0,0,0,0,2,0,137,15,0,3,0,0,0,0
w,41-50,nein,Partnerschaft,nein,Samstag,<10 Uhr,10 - 25 km,2000-<3200,178,0,21,0,72,0,0,0,0,0,0,0,0,0,0,85
w,>60,nein,Partnerschaft,nein,Montag,<10 Uhr,10 - 25 km,1000-<2000,55,0,0,0,35,0,12,8,0,0,0,0,0,0,0,0
m,>60,nein,ledig,nein,Samstag,10-12 Uhr,< 10 km,1000-<2000,147,11,0,0,0,0,0,22,0,0,18,33,0,0,0,63
w,41-50,ja,ledig,ja,Mittwoch,14-17 Uhr,10 - 25 km,1000-<2000,212,0,0,0,0,9,75,0,48,0,0,0,0,0,0,80
m,18-30,nein,Partnerschaft,nein,Mittwoch,<10 Uhr,< 10 km,<1000,440,13,0,0,30,0,0,0,209,74,0,9,0,0,0,105
m,18-30,ja,ledig,ja,Samstag,12-14 Uhr,10 - 25 km,1000-<2000,480,10,0,0,0,0,4,0,161,17,0,6,180,0,4,98
m,>60,nein,ledig,nein,Samstag,<10 Uhr,< 10 km,1000-<2000,92,14,0,0,0,0,60,0,0,0,12,6,0,0,0,0
m,>60,nein,Partnerschaft,nein,Samstag,<10 Uhr,< 10 km,2000-<3200,262,11,0,32,0,0,0,0,0,0,0,12,0,72,108,27
m,>60,ja,ledig,nein,Samstag,<10 Uhr,< 10 km,1000-<2000,410,0,0,24,4,0,0,84,63,198,0,11,0,16,10,0
w,>60,nein,ledig,nein,Freitag,<10 Uhr,< 10 km,1000-<2000,254,0,0,0,0,20,2,46,96,0,0,0,2,88,0,0
m,18-30,nein,ledig,ja,Samstag,14-17 Uhr,< 10 km,>4500,207,2,0,0,70,0,117,0,11,2,0,5,0,0,0,0
m,18-30,nein,ledig,ja,Samstag,<10 Uhr,> 25 km,1000-<2000,82,9,0,0,0,0,17,0,7,13,24,12,0,0,0,0
w,18-30,ja,ledig,nein,Mittwoch,10-12 Uhr,10 - 25 km,>4500,26,0,0,0,0,6,0,0,0,20,0,0,0,0,0,0
m,41-50,ja,ledig,ja,Samstag,12-14 Uhr,< 10 km,<1000,97,4,0,0,0,0,0,0,0,0,0,4,0,24,65,0
w,51-60,nein,Partnerschaft,ja,Samstag,>17 Uhr,< 10 km,3200-<4500,239,0,0,5,21,6,10,19,0,0,0,3,123,0,52,0
m,18-30,nein,Partnerschaft,ja,Montag,14-17 Uhr,< 10 km,<1000,505,4,0,0,30,0,87,117,83,171,0,13,0,0,0,0
w,51-60,nein,Partnerschaft,ja,Freitag,>17 Uhr,< 10 km,1000-<2000,146,28,36,0,13,0,7,47,0,0,0,0,15,0,0,0
w,18-30,nein,ledig,ja,Samstag,<10 Uhr,< 10 km,<1000,143,0,0,0,0,0,28,26,68,0,0,21,0,0,0,0
w,31-40,nein,Partnerschaft,nein,Montag,14-17 Uhr,10 - 25 km,3200-<4500,116,0,0,0,6,0,0,24,0,0,36,0,0,50,0,0
m,31-40,nein,Partnerschaft,nein,Mittwoch,>17 Uhr,< 10 km,1000-<2000,135,33,0,0,0,0,0,44,0,0,0,0,0,18,19,21
w,31-40,nein,ledig,ja,Montag,>17 Uhr,< 10 km,<1000,170,0,24,0,0,36,110,0,0,0,0,0,0,0,0,0
m,18-30,nein,ledig,nein,Mittwoch,>17 Uhr,10 - 25 km,>4500,48,8,0,0,0,0,10,0,17,0,0,13,0,0,0,0
m,18-30,ja,Partnerschaft,nein,Samstag,>17 Uhr,10 - 25 km,1000-<2000,54,1,0,0,0,0,17,0,8,20,0,8,0,0,0,0
w,51-60,nein,Partnerschaft,ja,Samstag,10-12 Uhr,10 - 25 km,1000-<2000,252,0,0,0,8,0,2,25,96,0,0,0,15,56,50,0
m,18-30,nein,Partnerschaft,ja,Donnerstag,>17 Uhr,10 - 25 km,1000-<2000,362,2,0,0,0,45,8,0,216,19,14,8,0,0,0,50
m,>60,nein,ledig,ja,Montag,10-12 Uhr,10 - 25 km,3200-<4500,380,6,0,0,0,0,0,22,279,0,63,10,0,0,0,0
w,>60,ja,Partnerschaft,nein,Donnerstag,<10 Uhr,< 10 km,2000-<3200,59,0,0,0,5,0,5,26,11,0,0,0,12,0,0,0
m,18-30,nein,Partnerschaft,nein,Montag,<10 Uhr,10 - 25 km,2000-<3200,399,6,7,20,18,0,16,42,6,14,0,13,72,77,0,108
w,>60,nein,ledig,nein,Donnerstag,<10 Uhr,10 - 25 km,2000-<3200,255,0,0,0,42,0,10,29,96,0,6,0,16,0,20,36
w,18-30,ja,ledig,ja,Mittwoch,>17 Uhr,10 - 25 km,2000-<3200,92,0,0,24,0,0,0,0,0,0,0,8,0,60,0,0
m,18-30,nein,ledig,nein,Samstag,14-17 Uhr,10 - 25 km,2000-<3200,372,9,63,28,6,0,10,0,126,56,0,8,0,66,0,0
w,18-30,ja,ledig,nein,Montag,12-14 Uhr,< 10 km,1000-<2000,52,42,0,0,10,0,0,0,0,0,0,0,0,0,0,0
w,>60,ja,ledig,nein,Dienstag,10-12 Uhr,> 25 km,2000-<3200,235,0,3,0,6,0,106,11,0,63,32,0,14,0,0,0
w,>60,nein,ledig,ja,Mittwoch,<10 Uhr,< 10 km,2000-<3200,238,0,0,15,8,0,9,98,0,0,0,12,11,0,0,85
w,51-60,nein,ledig,ja,Donnerstag,>17 Uhr,> 25 km,2000-<3200,287,0,0,0,17,40,9,1,0,0,0,0,170,50,0,0
w,18-30,nein,ledig,nein,Mittwoch,>17 Uhr,10 - 25 km,>4500,214,0,0,0,0,0,0,0,30,0,0,7,0,128,0,49
m,18-30,nein,Partnerschaft,nein,Donnerstag,>17 Uhr,< 10 km,3200-<4500,129,5,0,0,56,0,10,0,1,7,0,2,20,28,0,0
w,18-30,nein,Partnerschaft,ja,Montag,>17 Uhr,< 10 km,1000-<2000,159,0,0,0,15,0,0,0,0,0,0,0,0,0,0,144
w,31-40,nein,ledig,nein,Donnerstag,12-14 Uhr,10 - 25 km,<1000,70,0,54,16,0,0,0,0,0,0,0,0,0,0,0,0
w,18-30,nein,ledig,ja,Donnerstag,>17 Uhr,10 - 25 km,1000-<2000,78,0,9,0,48,0,0,0,0,0,21,0,0,0,0,0
w,31-40,ja,ledig,nein,Freitag,>17 Uhr,< 10 km,1000-<2000,507,0,72,0,24,0,0,4,198,153,0,0,0,56,0,0
m,18-30,nein,ledig,nein,Samstag,>17 Uhr,10 - 25 km,2000-<3200,69,11,0,0,0,0,13,0,13,19,0,13,0,0,0,0
m,18-30,ja,Partnerschaft,nein,Samstag,>17 Uhr,< 10 km,<1000,144,6,45,8,18,0,15,0,2,21,0,14,0,15,0,0
m,18-30,nein,ledig,nein,Samstag,>17 Uhr,< 10 km,<1000,100,13,0,0,32,0,15,0,17,8,0,14,0,1,0,0
w,>60,nein,ledig,nein,Donnerstag,12-14 Uhr,< 10 km,1000-<2000,27,0,0,0,10,0,0,16,0,0,0,0,1,0,0,0
w,18-30,nein,ledig,ja,Samstag,12-14 Uhr,< 10 km,3200-<4500,6,0,6,0,0,0,0,0,0,0,0,0,0,0,0,0
m,18-30,nein,ledig,nein,Samstag,14-17 Uhr,10 - 25 km,3200-<4500,151,19,24,0,0,0,19,56,13,19,0,1,0,0,0,0
m,18-30,ja,Partnerschaft,ja,Samstag,<10 Uhr,< 10 km,1000-<2000,117,10,0,0,0,0,0,35,45,12,0,6,0,9,0,0
w,51-60,nein,ledig,ja,Mittwoch,<10 Uhr,< 10 km,3200-<4500,309,0,0,36,16,0,13,21,84,0,0,0,9,0,85,45
m,>60,ja,ledig,nein,Samstag,<10 Uhr,< 10 km,<1000,131,12,0,0,3,0,0,33,57,0,18,8,0,0,0,0
w,41-50,ja,ledig,nein,Samstag,14-17 Uhr,< 10 km,2000-<3200,77,28,0,0,21,0,0,0,0,28,0,0,0,0,0,0
w,18-30,ja,ledig,nein,Samstag,>17 Uhr,< 10 km,3200-<4500,80,0,0,0,0,0,0,77,3,0,0,0,0,0,0,0
m,>60,nein,ledig,nein,Samstag,12-14 Uhr,< 10 km,1000-<2000,36,3,0,9,10,0,0,0,0,0,0,14,0,0,0,0
w,18-30,nein,ledig,ja,Samstag,14-17 Uhr,10 - 25 km,<1000,118,0,0,0,36,0,0,0,72,0,0,0,0,10,0,0
w,>60,nein,ledig,nein,Montag,<10 Uhr,< 10 km,3200-<4500,394,0,0,0,3,0,5,26,0,112,10,0,173,33,32,0
m,>60,nein,ledig,nein,Samstag,<10 Uhr,< 10 km,1000-<2000,149,36,0,18,0,0,0,78,0,0,0,9,0,0,0,8
m,18-30,ja,ledig,ja,Samstag,>17 Uhr,> 25 km,3200-<4500,281,13,10,0,33,0,11,26,7,17,15,2,0,0,0,147
m,41-50,ja,ledig,ja,Samstag,>17 Uhr,< 10 km,2000-<3200,623,10,0,21,48,0,0,126,171,232,0,15,0,0,0,0
w,>60,nein,Partnerschaft,nein,Donnerstag,<10 Uhr,10 - 25 km,>4500,51,0,0,0,9,0,8,24,0,0,0,0,10,0,0,0
m,18-30,ja,ledig,nein,Samstag,<10 Uhr,< 10 km,3200-<4500,253,16,0,28,9,0,19,0,8,11,0,1,24,56,0,81
w,51-60,nein,ledig,ja,Samstag,>17 Uhr,< 10 km,2000-<3200,84,0,35,0,0,0,10,4,0,0,0,0,3,32,0,0
m,31-40,nein,Partnerschaft,nein,Donnerstag,10-12 Uhr,10 - 25 km,<1000,69,4,0,0,0,0,0,49,16,0,0,0,0,0,0,0
m,>60,nein,ledig,nein,Samstag,14-17 Uhr,< 10 km,2000-<3200,101,14,8,0,0,0,0,54,0,23,0,2,0,0,0,0
w,>60,nein,Partnerschaft,nein,Dienstag,<10 Uhr,10 - 25 km,<1000,194,24,0,12,7,0,7,65,63,0,0,0,16,0,0,0
w,41-50,nein,Partnerschaft,ja,Montag,>17 Uhr,10 - 25 km,1000-<2000,241,0,0,0,0,20,0,0,176,0,0,0,0,21,24,0
w,41-50,ja,ledig,ja,Samstag,>17 Uhr,10 - 25 km,1000-<2000,163,0,0,4,5,0,0,0,0,0,8,20,0,0,0,126
w,51-60,nein,Partnerschaft,nein,Montag,14-17 Uhr,10 - 25 km,3200-<4500,361,0,0,0,12,0,6,26,189,0,0,0,51,77,0,0
m,>60,ja,ledig,nein,Samstag,12-14 Uhr,> 25 km,1000-<2000,127,0,0,0,0,0,45,72,0,0,0,10,0,0,0,0
w,>60,ja,ledig,nein,Samstag,10-12 Uhr,10 - 25 km,<1000,73,0,0,0,10,0,5,17,0,0,40,0,1,0,0,0
w,41-50,nein,ledig,nein,Donnerstag,10-12 Uhr,10 - 25 km,>4500,374,0,0,3,63,0,128,0,104,0,0,0,76,0,0,0
m,18-30,ja,ledig,nein,Donnerstag,>17 Uhr,10 - 25 km,3200-<4500,214,2,91,0,0,0,21,63,10,12,0,9,0,6,0,0
m,18-30,ja,ledig,ja,Samstag,<10 Uhr,< 10 km,3200-<4500,187,3,0,0,0,15,0,56,57,17,0,11,28,0,0,0
w,>60,nein,ledig,nein,Freitag,10-12 Uhr,10 - 25 km,<1000,93,0,0,6,4,0,10,5,0,30,0,0,17,21,0,0
m,51-60,nein,ledig,nein,Samstag,14-17 Uhr,< 10 km,<1000,352,4,63,0,0,0,0,70,0,56,0,7,0,7,145,0
w,>60,ja,Partnerschaft,nein,Samstag,14-17 Uhr,10 - 25 km,<1000,273,0,0,0,3,0,3,26,84,95,0,0,62,0,0,0
m,18-30,nein,ledig,ja,Donnerstag,<10 Uhr,< 10 km,3200-<4500,122,24,0,0,0,0,18,30,18,14,0,6,12,0,0,0
w,>60,nein,ledig,ja,Donnerstag,<10 Uhr,< 10 km,<1000,250,0,0,0,41,0,5,11,0,26,0,0,11,42,114,0
w,51-60,nein,ledig,ja,Donnerstag,<10 Uhr,10 - 25 km,<1000,365,0,54,0,0,0,24,5,190,50,8,32,2,0,0,0
w,51-60,ja,ledig,ja,Freitag,>17 Uhr,10 - 25 km,1000-<2000,101,0,54,0,26,0,0,21,0,0,0,0,0,0,0,0
m,31-40,nein,ledig,ja,Samstag,>17 Uhr,< 10 km,1000-<2000,119,85,12,0,0,0,0,11,0,0,0,3,0,8,0,0
w,41-50,ja,ledig,ja,Freitag,<10 Uhr,< 10 km,<1000,42,0,0,0,42,0,0,0,0,0,0,0,0,0,0,0
w,18-30,nein,Partnerschaft,nein,Freitag,>17 Uhr,10 - 25 km,>4500,455,8,0,0,7,0,0,0,315,119,0,6,0,0,0,0
w,>60,ja,ledig,nein,Samstag,<10 Uhr,> 25 km,<1000,146,0,0,0,10,0,93,13,0,0,0,0,30,0,0,0
m,31-40,nein,ledig,nein,Samstag,>17 Uhr,10 - 25 km,3200-<4500,225,6,56,0,0,0,0,24,0,0,9,34,0,48,48,0
w,18-30,nein,ledig,nein,Mittwoch,<10 Uhr,10 - 25 km,1000-<2000,150,0,32,0,28,0,0,42,48,0,0,0,0,0,0,0
w,18-30,nein,ledig,nein,Donnerstag,>17 Uhr,10 - 25 km,3200-<4500,71,0,0,0,35,0,0,36,0,0,0,0,0,0,0,0
m,18-30,nein,ledig,nein,Samstag,>17 Uhr,10 - 25 km,3200-<4500,276,11,0,0,0,0,18,0,219,5,0,8,9,6,0,0
w,41-50,nein,ledig,nein,Samstag,<10 Uhr,> 25 km,<1000,71,36,0,0,0,0,0,0,0,35,0,0,0,0,0,0
w,18-30,nein,ledig,nein,Montag,10-12 Uhr,< 10 km,<1000,15,0,0,0,0,0,0,0,15,0,0,0,0,0,0,0
m,18-30,nein,ledig,nein,Samstag,>17 Uhr,< 10 km,1000-<2000,288,12,14,0,0,0,12,0,227,17,0,6,0,0,0,0
w,>60,nein,Partnerschaft,nein,Samstag,14-17 Uhr,> 25 km,<1000,209,0,0,3,14,0,8,182,0,0,0,0,2,0,0,0
m,18-30,ja,Partnerschaft,ja,Montag,>17 Uhr,10 - 25 km,1000-<2000,284,11,0,3,28,4,12,0,95,96,27,0,0,8,0,0
m,>60,nein,ledig,nein,Samstag,10-12 Uhr,10 - 25 km,3200-<4500,53,4,0,0,0,0,0,0,0,0,0,0,0,0,49,0
m,18-30,ja,ledig,nein,Samstag,14-17 Uhr,< 10 km,1000-<2000,44,12,0,0,0,0,2,0,13,9,0,8,0,0,0,0
w,>60,ja,ledig,ja,Mittwoch,10-12 Uhr,10 - 25 km,<1000,38,0,0,0,19,0,6,12,0,0,0,0,1,0,0,0
w,18-30,nein,ledig,nein,Freitag,10-12 Uhr,10 - 25 km,<1000,104,0,0,0,12,0,0,22,0,0,0,0,70,0,0,0
w,>60,ja,ledig,nein,Samstag,14-17 Uhr,10 - 25 km,<1000,237,0,0,0,11,12,11,93,24,0,0,0,5,81,0,0
w,>60,nein,ledig,ja,Samstag,<10 Uhr,< 10 km,3200-<4500,72,0,0,0,3,0,1,2,26,0,0,0,10,30,0,0
w,18-30,ja,ledig,nein,Donnerstag,>17 Uhr,< 10 km,2000-<3200,83,0,0,0,0,0,0,33,0,0,14,0,0,36,0,0
w,41-50,ja,ledig,nein,Donnerstag,12-14 Uhr,10 - 25 km,1000-<2000,127,0,0,0,0,30,0,48,0,0,49,0,0,0,0,0
w,>60,nein,ledig,nein,Montag,<10 Uhr,< 10 km,>4500,73,0,32,1,18,0,11,9,0,0,0,0,2,0,0,0
w,18-30,nein,ledig,ja,Samstag,12-14 Uhr,< 10 km,2000-<3200,179,0,0,0,0,0,0,0,116,0,0,0,0,63,0,0
w,41-50,ja,ledig,nein,Montag,>17 Uhr,10 - 25 km,1000-<2000,357,0,0,0,42,56,0,0,252,0,0,0,0,0,0,7
m,18-30,nein,ledig,ja,Samstag,>17 Uhr,< 10 km,<1000,134,14,0,0,0,0,20,0,31,21,0,13,0,0,35,0
w,>60,nein,ledig,ja,Samstag,<10 Uhr,< 10 km,2000-<3200,293,0,40,0,13,12,14,20,0,0,0,18,132,44,0,0
m,>60,nein,Partnerschaft,nein,Mittwoch,10-12 Uhr,10 - 25 km,>4500,149,1,40,0,6,0,0,0,0,56,0,12,0,20,14,0
m,>60,nein,ledig,nein,Samstag,<10 Uhr,10 - 25 km,2000-<3200,88,14,0,0,0,0,0,60,0,0,0,14,0,0,0,0
w,31-40,nein,ledig,nein,Donnerstag,<10 Uhr,10 - 25 km,3200-<4500,280,0,0,0,0,0,0,0,168,0,0,0,0,72,0,40
m,18-30,nein,ledig,nein,Samstag,12-14 Uhr,< 10 km,3200-<4500,62,14,0,0,0,0,8,0,9,2,0,9,20,0,0,0
w,41-50,nein,ledig,ja,Montag,<10 Uhr,10 - 25 km,<1000,181,21,0,0,25,0,0,0,0,51,12,0,0,0,72,0
m,>60,ja,ledig,nein,Samstag,10-12 Uhr,< 10 km,1000-<2000,171,21,15,0,16,0,0,0,0,65,14,0,40,0,0,0
m,18-30,ja,ledig,nein,Freitag,<10 Uhr,< 10 km,3200-<4500,124,6,6,0,24,0,0,0,7,68,0,13,0,0,0,0
w,18-30,nein,Partnerschaft,nein,Donnerstag,>17 Uhr,< 10 km,1000-<2000,194,0,12,0,35,0,32,0,0,0,54,0,0,21,40,0
w,>60,nein,ledig,nein,Donnerstag,<10 Uhr,> 25 km,1000-<2000,357,0,0,8,3,0,5,25,234,0,0,0,17,52,0,13
m,31-40,nein,ledig,ja,Samstag,12-14 Uhr,10 - 25 km,<1000,144,11,9,0,0,0,99,0,0,0,0,5,0,20,0,0
w,>60,ja,ledig,nein,Samstag,<10 Uhr,< 10 km,2000-<3200,59,0,0,0,18,0,12,9,0,0,0,0,7,13,0,0
w,41-50,ja,ledig,ja,Samstag,10-12 Uhr,< 10 km,2000-<3200,140,0,0,12,0,0,0,0,80,0,48,0,0,0,0,0
w,>60,ja,ledig,nein,Donnerstag,12-14 Uhr,> 25 km,1000-<2000,150,5,22,7,13,0,12,16,0,0,56,12,7,0,0,0
w,>60,nein,ledig,nein,Freitag,<10 Uhr,< 10 km,2000-<3200,298,48,4,0,79,0,11,89,0,0,5,0,17,0,0,45
m,51-60,nein,Partnerschaft,ja,Samstag,<10 Uhr,10 - 25 km,1000-<2000,39,4,15,0,0,0,0,0,0,0,0,12,0,8,0,0
m,18-30,nein,Partnerschaft,ja,Montag,>17 Uhr,< 10 km,<1000,132,2,0,0,0,0,17,0,91,11,0,11,0,0,0,0
w,>60,nein,ledig,nein,Samstag,10-12 Uhr,< 10 km,3200-<4500,200,0,30,0,19,0,11,95,0,0,32,12,1,0,0,0
w,41-50,nein,Partnerschaft,ja,Freitag,14-17 Uhr,< 10 km,<1000,102,0,0,5,12,0,0,0,0,0,0,0,0,0,0,85
w,51-60,nein,ledig,nein,Samstag,>17 Uhr,< 10 km,>4500,277,0,0,9,5,0,14,29,0,0,15,0,178,0,27,0
w,18-30,nein,ledig,nein,Freitag,<10 Uhr,< 10 km,1000-<2000,148,0,0,36,0,0,0,56,0,0,0,0,0,56,0,0
w,18-30,ja,Partnerschaft,nein,Montag,12-14 Uhr,< 10 km,3200-<4500,18,0,0,0,0,0,0,0,0,0,0,0,0,0,0,18
m,18-30,nein,ledig,nein,Samstag,10-12 Uhr,< 10 km,1000-<2000,223,0,0,0,0,35,18,0,73,20,0,21,0,0,56,0
w,41-50,nein,ledig,nein,Mittwoch,12-14 Uhr,10 - 25 km,<1000,218,0,0,0,0,49,0,0,4,0,0,9,0,90,0,66
w,18-30,nein,ledig,ja,Montag,>17 Uhr,> 25 km,1000-<2000,198,0,0,0,0,22,14,0,162,0,0,0,0,0,0,0
w,>60,ja,ledig,nein,Samstag,<10 Uhr,10 - 25 km,2000-<3200,190,0,63,6,1,0,4,14,0,0,21,0,9,72,0,0
w,18-30,ja,ledig,ja,Donnerstag,12-14 Uhr,< 10 km,<1000,258,0,0,0,49,0,0,0,0,60,0,9,128,0,0,12
w,18-30,ja,Partnerschaft,nein,Montag,>17 Uhr,> 25 km,2000-<3200,331,0,0,20,30,78,0,0,161,0,0,0,42,0,0,0
w,41-50,ja,ledig,ja,Dienstag,>17 Uhr,> 25 km,<1000,317,20,0,0,25,0,0,0,0,272,0,0,0,0,0,0
m,>60,nein,ledig,nein,Samstag,<10 Uhr,< 10 km,1000-<2000,44,11,0,24,0,0,0,0,0,0,0,9,0,0,0,0
w,>60,ja,Partnerschaft,nein,Dienstag,<10 Uhr,< 10 km,1000-<2000,114,0,0,14,71,0,12,7,0,0,0,0,10,0,0,0
m,>60,nein,ledig,nein,Samstag,10-12 Uhr,< 10 km,2000-<3200,125,9,24,0,0,0,0,0,0,0,0,2,0,90,0,0
m,>60,nein,Partnerschaft,nein,Mittwoch,<10 Uhr,10 - 25 km,>4500,93,10,66,0,0,0,0,1,0,0,5,11,0,0,0,0
w,41-50,nein,ledig,nein,Montag,12-14 Uhr,< 10 km,1000-<2000,77,20,0,0,0,0,0,0,0,0,21,0,0,36,0,0
m,18-30,nein,ledig,nein,Montag,14-17 Uhr,< 10 km,1000-<2000,233,10,0,0,0,60,17,0,9,3,24,1,0,55,54,0
w,>60,nein,ledig,nein,Montag,<10 Uhr,< 10 km,1000-<2000,428,0,0,0,6,36,45,178,0,0,0,0,3,24,136,0
w,>60,ja,ledig,nein,Freitag,<10 Uhr,10 - 25 km,<1000,232,0,0,0,19,0,43,86,42,0,0,0,14,28,0,0
m,>60,nein,Partnerschaft,nein,Samstag,12-14 Uhr,10 - 25 km,1000-<2000,308,13,0,0,0,0,0,0,34,0,0,39,42,40,140,0
w,41-50,ja,ledig,nein,Freitag,>17 Uhr,10 - 25 km,2000-<3200,232,0,18,0,0,99,0,0,115,0,0,0,0,0,0,0
w,41-50,nein,ledig,nein,Montag,>17 Uhr,< 10 km,1000-<2000,211,0,0,0,2,0,0,95,84,0,0,30,0,0,0,0
m,41-50,nein,ledig,nein,Samstag,14-17 Uhr,> 25 km,2000-<3200,25,3,0,6,7,0,0,0,0,0,0,9,0,0,0,0
w,>60,nein,Partnerschaft,nein,Mittwoch,12-14 Uhr,> 25 km,>4500,61,0,0,0,2,0,1,21,0,16,16,0,5,0,0,0
m,41-50,nein,ledig,ja,Samstag,<10 Uhr,10 - 25 km,3200-<4500,54,2,18,0,0,0,0,0,0,0,25,9,0,0,0,0
m,18-30,nein,ledig,ja,Samstag,>17 Uhr,> 25 km,1000-<2000,186,9,0,0,0,0,15,0,7,15,0,5,0,135,0,0
w,>60,nein,ledig,ja,Samstag,10-12 Uhr,< 10 km,<1000,108,0,0,0,31,0,11,2,36,0,27,0,1,0,0,0
m,18-30,ja,ledig,nein,Samstag,10-12 Uhr,10 - 25 km,>4500,204,10,28,0,14,2,14,0,10,9,0,5,0,0,0,112
m,18-30,ja,ledig,nein,Samstag,<10 Uhr,< 10 km,1000-<2000,314,11,0,0,6,0,15,0,164,4,0,10,0,0,0,104
w,18-30,nein,ledig,nein,Donnerstag,14-17 Uhr,< 10 km,2000-<3200,212,36,0,0,6,0,104,0,0,0,0,0,66,0,0,0
w,41-50,nein,ledig,nein,Mittwoch,<10 Uhr,> 25 km,1000-<2000,207,0,0,0,18,0,0,0,189,0,0,0,0,0,0,0
w,>60,nein,Partnerschaft,nein,Samstag,<10 Uhr,10 - 25 km,2000-<3200,83,0,0,0,14,0,10,15,34,0,0,8,2,0,0,0
m,18-30,nein,ledig,nein,Samstag,12-14 Uhr,10 - 25 km,1000-<2000,257,5,0,0,54,0,20,0,108,4,0,12,0,0,0,54
w,18-30,nein,ledig,nein,Samstag,14-17 Uhr,10 - 25 km,2000-<3200,310,0,56,0,0,99,0,0,155,0,0,0,0,0,0,0
w,18-30,nein,ledig,nein,Donnerstag,12-14 Uhr,< 10 km,>4500,100,0,0,0,0,0,0,0,0,72,0,0,0,0,0,28
m,41-50,nein,Partnerschaft,nein,Samstag,14-17 Uhr,< 10 km,<1000,290,1,0,6,0,0,0,0,282,0,0,1,0,0,0,0
w,51-60,ja,Partnerschaft,nein,Donnerstag,<10 Uhr,10 - 25 km,1000-<2000,230,0,0,0,7,0,2,17,0,0,0,0,148,56,0,0
m,>60,nein,ledig,nein,Samstag,<10 Uhr,< 10 km,2000-<3200,154,10,48,0,0,0,21,56,0,0,0,9,10,0,0,0
m,>60,nein,ledig,nein,Samstag,<10 Uhr,< 10 km,3200-<4500,7,2,0,0,0,0,0,0,0,0,0,5,0,0,0,0
w,>60,nein,ledig,nein,Samstag,10-12 Uhr,10 - 25 km,1000-<2000,61,0,0,0,18,0,4,28,0,0,0,0,11,0,0,0
m,>60,ja,ledig,nein,Montag,>17 Uhr,< 10 km,1000-<2000,217,11,14,21,0,0,0,0,54,0,0,10,0,0,51,56
m,>60,ja,ledig,ja,Dienstag,<10 Uhr,< 10 km,3200-<4500,147,4,0,0,28,0,0,0,0,0,0,3,112,0,0,0
w,>60,nein,ledig,nein,Donnerstag,<10 Uhr,< 10 km,2000-<3200,150,0,0,0,47,0,11,23,0,0,0,8,16,45,0,0
w,41-50,ja,Partnerschaft,nein,Samstag,<10 Uhr,< 10 km,>4500,233,0,14,0,16,0,0,20,117,0,0,0,0,66,0,0
m,18-30,nein,ledig,ja,Donnerstag,<10 Uhr,10 - 25 km,1000-<2000,263,1,0,0,0,0,18,5,1,228,0,10,0,0,0,0
m,31-40,ja,Partnerschaft,nein,Samstag,<10 Uhr,10 - 25 km,<1000,239,0,0,25,30,5,0,34,0,144,0,1,0,0,0,0
w,51-60,nein,ledig,nein,Donnerstag,12-14 Uhr,< 10 km,1000-<2000,472,40,48,0,13,0,9,8,232,0,36,0,14,0,72,0
w,18-30,nein,Partnerschaft,ja,Samstag,14-17 Uhr,10 - 25 km,3200-<4500,0,0,0,0,0,0,0,0,0,0,0,0,0,0,0,0
m,18-30,nein,ledig,ja,Samstag,<10 Uhr,> 25 km,3200-<4500,374,3,0,0,12,0,76,18,128,124,0,13,0,0,0,0
m,41-50,nein,ledig,nein,Samstag,10-12 Uhr,< 10 km,<1000,74,18,0,0,18,0,0,24,0,0,0,14,0,0,0,0
m,31-40,nein,ledig,nein,Samstag,>17 Uhr,< 10 km,<1000,10,9,0,0,0,0,0,0,0,0,0,1,0,0,0,0
w,18-30,ja,ledig,nein,Montag,>17 Uhr,10 - 25 km,2000-<3200,104,0,0,0,0,0,0,8,0,0,63,21,12,0,0,0
w,41-50,ja,Partnerschaft,nein,Donnerstag,10-12 Uhr,10 - 25 km,1000-<2000,61,0,0,0,0,7,0,35,0,0,0,4,0,0,15,0
w,18-30,ja,ledig,ja,Samstag,>17 Uhr,10 - 25 km,1000-<2000,348,0,0,0,0,0,0,65,93,135,0,0,55,0,0,0
w,18-30,nein,Partnerschaft,nein,Samstag,10-12 Uhr,< 10 km,1000-<2000,105,0,0,0,42,0,0,0,0,0,0,0,0,63,0,0
w,18-30,ja,Partnerschaft,ja,Montag,>17 Uhr,< 10 km,1000-<2000,200,0,0,0,12,0,102,0,0,0,0,0,50,0,0,36
w,41-50,nein,ledig,nein,Montag,10-12 Uhr,< 10 km,1000-<2000,318,0,0,0,0,0,52,114,0,0,0,0,0,0,152,0
w,>60,ja,ledig,nein,Freitag,<10 Uhr,< 10 km,<1000,68,0,0,0,16,0,4,47,0,0,0,0,1,0,0,0
m,31-40,nein,ledig,ja,Donnerstag,<10 Uhr,< 10 km,3200-<4500,141,7,0,0,0,7,0,0,52,0,0,3,0,72,0,0
w,41-50,ja,ledig,nein,Samstag,>17 Uhr,10 - 25 km,<1000,157,0,0,0,21,0,0,0,64,0,0,0,72,0,0,0
m,18-30,nein,Partnerschaft,nein,Samstag,<10 Uhr,< 10 km,<1000,131,8,0,0,0,0,12,33,55,15,0,8,0,0,0,0
w,>60,nein,ledig,nein,Donnerstag,10-12 Uhr,< 10 km,3200-<4500,197,0,0,0,19,49,3,15,10,0,0,0,101,0,0,0
w,18-30,nein,ledig,ja,Dienstag,>17 Uhr,10 - 25 km,1000-<2000,30,0,0,0,0,0,0,0,0,0,0,30,0,0,0,0
m,>60,ja,ledig,nein,Samstag,12-14 Uhr,> 25 km,2000-<3200,30,11,0,0,8,8,0,0,0,0,0,3,0,0,0,0
w,18-30,nein,ledig,ja,Mittwoch,12-14 Uhr,< 10 km,1000-<2000,452,0,0,10,0,0,0,98,0,105,0,0,72,0,7,160
w,51-60,ja,ledig,ja,Donnerstag,<10 Uhr,> 25 km,<1000,377,0,0,0,17,0,2,18,126,0,28,0,130,0,0,56
w,18-30,ja,ledig,nein,Montag,>17 Uhr,< 10 km,1000-<2000,104,40,8,0,0,56,0,0,0,0,0,0,0,0,0,0
w,>60,ja,ledig,nein,Dienstag,10-12 Uhr,< 10 km,<1000,52,0,0,0,8,7,13,8,0,0,0,0,16,0,0,0
w,18-30,nein,ledig,ja,Freitag,<10 Uhr,10 - 25 km,1000-<2000,284,0,21,21,0,0,0,30,0,184,0,0,4,24,0,0
w,31-40,nein,ledig,nein,Samstag,12-14 Uhr,10 - 25 km,3200-<4500,52,0,36,0,0,0,0,0,0,0,0,0,0,0,0,16
m,18-30,nein,ledig,ja,Montag,<10 Uhr,< 10 km,<1000,128,9,0,0,2,0,13,0,67,2,28,7,0,0,0,0
w,>60,nein,ledig,nein,Donnerstag,10-12 Uhr,< 10 km,1000-<2000,109,0,0,0,16,0,8,23,0,0,10,0,17,0,0,35
m,18-30,nein,ledig,ja,Freitag,>17 Uhr,> 25 km,<1000,204,2,0,9,0,0,12,0,131,17,10,3,0,20,0,0
w,>60,ja,ledig,nein,Dienstag,<10 Uhr,10 - 25 km,<1000,341,0,0,0,19,0,4,23,168,0,0,0,16,3,0,108
w,51-60,nein,ledig,ja,Donnerstag,12-14 Uhr,< 10 km,>4500,272,9,18,25,48,0,5,14,0,30,30,12,9,68,0,4
m,18-30,ja,ledig,ja,Mittwoch,>17 Uhr,10 - 25 km,1000-<2000,215,14,0,7,35,0,1,0,17,99,0,4,38,0,0,0
w,>60,ja,Partnerschaft,nein,Samstag,10-12 Uhr,10 - 25 km,1000-<2000,612,0,0,0,52,0,106,0,243,132,0,0,19,60,0,0
m,41-50,ja,ledig,nein,Samstag,<10 Uhr,< 10 km,<1000,282,13,0,0,0,0,27,52,0,171,0,12,0,0,0,7
m,18-30,nein,ledig,nein,Samstag,>17 Uhr,10 - 25 km,1000-<2000,160,4,0,0,48,0,11,68,2,20,0,7,0,0,0,0
m,31-40,nein,Partnerschaft,nein,Freitag,12-14 Uhr,< 10 km,1000-<2000,123,1,56,0,27,0,0,0,28,0,0,11,0,0,0,0
w,>60,nein,Partnerschaft,nein,Samstag,10-12 Uhr,< 10 km,1000-<2000,93,0,0,0,8,0,11,54,0,0,0,9,11,0,0,0
m,18-30,nein,ledig,nein,Samstag,<10 Uhr,< 10 km,<1000,128,4,0,0,3,0,3,0,16,9,8,5,80,0,0,0
m,18-30,ja,ledig,nein,Dienstag,<10 Uhr,10 - 25 km,>4500,329,13,10,0,0,0,12,0,15,118,0,7,0,0,154,0
m,18-30,nein,ledig,nein,Dienstag,12-14 Uhr,< 10 km,<1000,285,23,0,0,0,0,19,0,7,88,0,8,0,0,0,140
w,18-30,ja,ledig,nein,Mittwoch,10-12 Uhr,> 25 km,>4500,18,18,0,0,0,0,0,0,0,0,0,0,0,0,0,0
w,18-30,ja,ledig,ja,Samstag,<10 Uhr,< 10 km,2000-<3200,244,0,8,18,0,0,0,126,0,56,0,0,36,0,0,0
w,18-30,ja,Partnerschaft,nein,Samstag,<10 Uhr,10 - 25 km,1000-<2000,244,0,0,14,0,56,0,0,144,0,0,0,0,30,0,0
m,31-40,nein,ledig,nein,Samstag,<10 Uhr,10 - 25 km,3200-<4500,176,2,30,0,0,81,0,20,0,0,32,11,0,0,0,0
w,51-60,nein,Partnerschaft,nein,Samstag,10-12 Uhr,< 10 km,1000-<2000,234,24,0,0,33,0,2,1,28,0,0,0,146,0,0,0
w,18-30,nein,ledig,nein,Montag,<10 Uhr,> 25 km,3200-<4500,162,0,35,0,0,8,0,77,0,0,42,0,0,0,0,0
w,18-30,ja,Partnerschaft,ja,Samstag,10-12 Uhr,< 10 km,<1000,82,16,0,0,0,0,0,0,0,0,0,0,66,0,0,0
w,>60,nein,ledig,nein,Samstag,<10 Uhr,< 10 km,<1000,369,0,0,35,4,0,7,5,168,0,0,0,84,0,0,66
w,>60,ja,ledig,nein,Samstag,<10 Uhr,< 10 km,1000-<2000,109,0,0,9,0,0,3,1,0,0,0,0,12,0,84,0
w,>60,ja,Partnerschaft,ja,Samstag,<10 Uhr,< 10 km,3200-<4500,67,0,0,0,12,0,7,29,0,0,0,0,19,0,0,0
m,18-30,ja,ledig,nein,Montag,>17 Uhr,< 10 km,>4500,178,3,27,0,0,0,6,0,31,5,0,7,45,54,0,0
w,>60,ja,ledig,nein,Freitag,<10 Uhr,< 10 km,1000-<2000,133,0,0,20,19,0,1,18,32,0,0,4,27,0,0,12
m,18-30,ja,ledig,ja,Samstag,12-14 Uhr,< 10 km,<1000,191,5,0,0,0,0,27,0,19,47,0,13,10,0,0,70
w,31-40,nein,ledig,ja,Montag,14-17 Uhr,< 10 km,1000-<2000,191,0,8,4,0,45,0,0,0,0,0,0,110,24,0,0
m,31-40,ja,ledig,nein,Samstag,14-17 Uhr,< 10 km,<1000,130,7,0,0,14,7,28,0,0,50,0,0,24,0,0,0
m,>60,nein,ledig,nein,Mittwoch,14-17 Uhr,> 25 km,>4500,100,4,0,0,0,0,0,0,0,0,0,6,0,0,90,0
m,18-30,ja,Partnerschaft,ja,Montag,<10 Uhr,< 10 km,>4500,258,38,0,0,56,0,1,0,9,11,0,2,0,81,0,60
w,41-50,nein,ledig,ja,Donnerstag,<10 Uhr,> 25 km,<1000,168,0,0,0,72,24,0,0,0,0,0,0,0,0,72,0
w,18-30,nein,ledig,ja,Freitag,<10 Uhr,< 10 km,<1000,50,0,0,0,0,0,14,0,0,0,0,0,0,36,0,0
w,41-50,nein,ledig,nein,Freitag,<10 Uhr,< 10 km,<1000,269,0,0,0,0,0,0,35,234,0,0,0,0,0,0,0
m,31-40,nein,ledig,nein,Samstag,12-14 Uhr,10 - 25 km,1000-<2000,115,14,0,0,0,70,0,24,0,0,0,7,0,0,0,0
w,41-50,ja,ledig,ja,Donnerstag,<10 Uhr,< 10 km,>4500,254,0,42,0,0,24,0,0,0,0,48,0,0,0,140,0
w,51-60,ja,ledig,ja,Samstag,>17 Uhr,10 - 25 km,1000-<2000,157,42,8,0,9,20,8,29,0,0,0,0,13,28,0,0
w,18-30,nein,ledig,ja,Montag,<10 Uhr,< 10 km,1000-<2000,208,0,6,0,4,24,0,60,0,0,0,12,0,0,102,0
w,>60,nein,Partnerschaft,nein,Samstag,12-14 Uhr,< 10 km,2000-<3200,203,0,10,0,11,0,7,14,0,0,0,0,89,72,0,0
m,>60,nein,ledig,nein,Samstag,<10 Uhr,< 10 km,1000-<2000,83,6,0,0,0,0,4,0,0,0,0,7,0,0,0,66
w,>60,ja,ledig,nein,Donnerstag,<10 Uhr,10 - 25 km,<1000,86,0,0,0,8,0,11,2,45,0,0,0,15,5,0,0
w,>60,ja,ledig,nein,Donnerstag,<10 Uhr,10 - 25 km,3200-<4500,474,54,0,0,9,0,8,10,74,78,0,0,49,72,120,0
w,>60,nein,ledig,nein,Donnerstag,<10 Uhr,10 - 25 km,1000-<2000,109,0,0,0,17,0,6,5,0,0,0,0,18,0,0,63
w,18-30,nein,ledig,ja,Mittwoch,14-17 Uhr,< 10 km,<1000,248,0,0,0,12,0,0,0,96,0,0,12,0,0,98,30
w,18-30,nein,ledig,nein,Donnerstag,12-14 Uhr,< 10 km,<1000,187,0,0,12,0,0,0,0,0,40,0,0,0,39,0,96
m,41-50,nein,ledig,ja,Samstag,>17 Uhr,< 10 km,1000-<2000,114,11,0,0,36,0,0,66,0,0,0,1,0,0,0,0
w,18-30,nein,Partnerschaft,ja,Samstag,10-12 Uhr,< 10 km,<1000,144,0,0,0,0,0,0,0,112,0,0,32,0,0,0,0
w,51-60,nein,ledig,nein,Samstag,>17 Uhr,< 10 km,<1000,118,0,30,0,17,0,33,24,0,0,0,0,14,0,0,0
m,31-40,nein,ledig,nein,Montag,14-17 Uhr,10 - 25 km,3200-<4500,365,1,0,0,72,6,0,0,0,217,16,11,0,0,42,0
w,>60,nein,Partnerschaft,nein,Donnerstag,<10 Uhr,< 10 km,3200-<4500,374,0,0,0,7,84,13,28,189,0,0,0,35,18,0,0
w,41-50,ja,ledig,nein,Mittwoch,>17 Uhr,< 10 km,<1000,318,0,0,0,0,30,126,0,72,90,0,0,0,0,0,0
w,18-30,ja,ledig,nein,Donnerstag,>17 Uhr,10 - 25 km,1000-<2000,398,0,0,0,0,0,0,136,160,0,42,16,0,44,0,0
w,>60,nein,Partnerschaft,nein,Mittwoch,10-12 Uhr,10 - 25 km,3200-<4500,231,18,0,0,15,0,13,8,120,0,20,0,19,18,0,0
w,41-50,nein,ledig,ja,Freitag,14-17 Uhr,> 25 km,1000-<2000,76,0,0,0,24,0,0,0,0,28,24,0,0,0,0,0
w,31-40,ja,Partnerschaft,ja,Donnerstag,14-17 Uhr,< 10 km,<1000,0,0,0,0,0,0,0,0,0,0,0,0,0,0,0,0
w,>60,nein,ledig,nein,Freitag,>17 Uhr,> 25 km,1000-<2000,120,8,6,0,1,0,10,15,8,0,0,0,8,64,0,0
w,>60,nein,Partnerschaft,ja,Mittwoch,<10 Uhr,> 25 km,>4500,312,0,0,0,7,0,14,67,0,76,0,6,16,18,108,0
m,18-30,nein,Partnerschaft,nein,Samstag,<10 Uhr,> 25 km,3200-<4500,211,2,21,0,0,0,11,28,2,21,32,6,0,32,56,0
w,18-30,nein,ledig,ja,Samstag,>17 Uhr,< 10 km,1000-<2000,74,0,0,0,0,0,0,42,0,0,32,0,0,0,0,0
m,18-30,ja,Partnerschaft,nein,Samstag,<10 Uhr,< 10 km,<1000,134,8,0,0,0,0,9,0,41,67,0,9,0,0,0,0
w,18-30,ja,ledig,nein,Samstag,<10 Uhr,10 - 25 km,<1000,184,4,0,45,8,0,0,9,0,44,0,2,18,54,0,0
m,18-30,ja,ledig,nein,Samstag,>17 Uhr,10 - 25 km,1000-<2000,204,5,0,0,0,0,1,0,163,12,20,3,0,0,0,0
w,18-30,nein,ledig,nein,Samstag,<10 Uhr,10 - 25 km,2000-<3200,195,25,0,21,0,0,0,0,144,0,0,0,0,5,0,0
w,51-60,ja,ledig,ja,Freitag,<10 Uhr,< 10 km,<1000,138,10,0,0,14,0,8,21,0,0,54,0,11,20,0,0
w,18-30,nein,ledig,ja,Samstag,14-17 Uhr,< 10 km,3200-<4500,137,0,0,0,0,0,0,0,42,0,0,0,0,95,0,0
w,>60,nein,ledig,nein,Samstag,12-14 Uhr,10 - 25 km,1000-<2000,237,10,0,0,0,0,13,21,126,0,48,0,19,0,0,0
m,18-30,nein,ledig,ja,Samstag,>17 Uhr,< 10 km,<1000,130,2,0,0,0,0,21,0,5,21,0,9,0,72,0,0
w,51-60,nein,ledig,ja,Freitag,14-17 Uhr,< 10 km,3200-<4500,49,0,0,0,11,0,14,20,0,0,0,0,4,0,0,0
m,51-60,nein,ledig,ja,Samstag,<10 Uhr,10 - 25 km,1000-<2000,15,3,0,0,0,0,0,0,0,0,0,3,9,0,0,0
w,>60,ja,Partnerschaft,nein,Samstag,10-12 Uhr,< 10 km,3200-<4500,340,0,18,0,16,0,11,19,174,0,0,5,3,0,81,13
w,41-50,nein,ledig,nein,Montag,>17 Uhr,10 - 25 km,>4500,70,0,0,0,0,0,0,0,0,0,0,0,70,0,0,0
w,>60,nein,ledig,nein,Samstag,10-12 Uhr,< 10 km,2000-<3200,411,27,0,3,16,27,8,8,0,30,0,0,11,72,161,48
w,31-40,nein,ledig,nein,Samstag,10-12 Uhr,> 25 km,1000-<2000,118,0,0,0,0,40,0,63,0,15,0,0,0,0,0,0
w,>60,nein,ledig,nein,Donnerstag,>17 Uhr,< 10 km,<1000,171,0,0,3,13,0,10,77,0,0,0,0,2,0,66,0
m,>60,nein,ledig,nein,Samstag,<10 Uhr,10 - 25 km,1000-<2000,101,7,0,0,0,0,0,63,0,0,0,23,0,8,0,0
w,41-50,ja,ledig,nein,Donnerstag,<10 Uhr,< 10 km,1000-<2000,130,0,11,0,0,0,0,99,0,0,0,0,20,0,0,0
w,>60,nein,ledig,ja,Samstag,12-14 Uhr,10 - 25 km,3200-<4500,97,0,0,8,25,0,8,4,0,0,0,0,7,45,0,0
m,18-30,nein,ledig,ja,Samstag,14-17 Uhr,< 10 km,1000-<2000,181,14,0,0,56,0,8,0,73,17,0,13,0,0,0,0
m,>60,nein,Partnerschaft,nein,Dienstag,10-12 Uhr,10 - 25 km,3200-<4500,87,5,0,0,0,0,0,0,0,0,64,10,0,8,0,0
w,>60,ja,ledig,nein,Freitag,10-12 Uhr,10 - 25 km,<1000,517,0,0,0,21,0,14,80,0,153,0,0,96,153,0,0
w,41-50,nein,Partnerschaft,ja,Donnerstag,>17 Uhr,10 - 25 km,1000-<2000,192,0,0,0,12,0,0,0,0,125,0,0,0,0,0,55
m,18-30,nein,ledig,nein,Samstag,<10 Uhr,10 - 25 km,1000-<2000,396,2,0,0,7,0,11,0,343,0,0,9,0,24,0,0
m,18-30,nein,ledig,nein,Samstag,>17 Uhr,10 - 25 km,3200-<4500,201,10,0,0,30,0,15,0,65,2,0,9,0,70,0,0
w,>60,nein,ledig,nein,Montag,14-17 Uhr,< 10 km,>4500,307,0,0,0,39,8,2,7,138,0,0,27,8,0,78,0
m,>60,nein,ledig,nein,Samstag,10-12 Uhr,> 25 km,<1000,23,14,0,0,0,0,0,0,0,0,0,9,0,0,0,0
m,18-30,ja,ledig,nein,Donnerstag,<10 Uhr,< 10 km,3200-<4500,144,25,0,0,0,0,3,4,14,91,0,7,0,0,0,0
w,41-50,nein,ledig,ja,Montag,>17 Uhr,< 10 km,1000-<2000,68,0,0,0,14,6,0,24,0,0,0,24,0,0,0,0
w,18-30,nein,Partnerschaft,ja,Samstag,>17 Uhr,< 10 km,2000-<3200,116,0,21,0,0,0,0,8,0,30,0,0,0,18,39,0
m,18-30,nein,Partnerschaft,ja,Montag,10-12 Uhr,10 - 25 km,2000-<3200,63,9,0,0,15,0,6,0,8,20,0,5,0,0,0,0
m,18-30,ja,Partnerschaft,nein,Samstag,14-17 Uhr,10 - 25 km,1000-<2000,412,5,63,0,36,0,5,0,86,180,0,5,0,0,32,0
w,51-60,ja,ledig,nein,Mittwoch,14-17 Uhr,10 - 25 km,<1000,50,0,0,0,11,0,10,28,0,0,0,0,1,0,0,0
w,18-30,ja,ledig,nein,Samstag,14-17 Uhr,< 10 km,2000-<3200,326,0,0,0,0,0,0,81,0,128,0,30,22,65,0,0
w,>60,nein,Partnerschaft,nein,Donnerstag,10-12 Uhr,< 10 km,2000-<3200,173,0,0,0,56,0,68,27,0,0,0,0,6,16,0,0
w,>60,ja,Partnerschaft,nein,Samstag,<10 Uhr,> 25 km,1000-<2000,156,0,99,3,14,0,9,24,0,0,0,0,7,0,0,0
w,>60,nein,ledig,ja,Montag,<10 Uhr,< 10 km,2000-<3200,144,0,0,0,17,0,3,17,0,75,0,0,16,16,0,0
w,>60,nein,Partnerschaft,nein,Mittwoch,10-12 Uhr,10 - 25 km,1000-<2000,209,0,0,0,5,0,6,6,140,0,42,0,10,0,0,0
w,>60,nein,Partnerschaft,nein,Samstag,<10 Uhr,< 10 km,3200-<4500,352,0,0,0,14,72,12,23,0,120,0,0,18,0,54,39
w,18-30,nein,Partnerschaft,nein,Montag,>17 Uhr,< 10 km,1000-<2000,63,0,0,0,0,63,0,0,0,0,0,0,0,0,0,0
w,18-30,nein,ledig,nein,Samstag,>17 Uhr,< 10 km,1000-<2000,79,0,0,0,0,0,0,0,0,0,0,18,0,56,0,5
w,18-30,ja,ledig,ja,Samstag,10-12 Uhr,10 - 25 km,<1000,252,27,0,0,0,99,0,0,10,0,40,24,0,7,0,45
m,31-40,nein,Partnerschaft,ja,Freitag,<10 Uhr,< 10 km,3200-<4500,306,13,36,0,0,70,0,0,175,0,0,8,0,0,4,0
w,51-60,nein,ledig,nein,Samstag,<10 Uhr,< 10 km,2000-<3200,51,0,0,0,8,0,3,27,0,0,0,0,8,5,0,0
w,>60,nein,ledig,nein,Freitag,<10 Uhr,> 25 km,>4500,103,0,0,0,9,0,9,24,0,42,0,0,19,0,0,0
m,31-40,nein,ledig,nein,Samstag,10-12 Uhr,10 - 25 km,1000-<2000,104,18,0,0,24,0,0,18,0,0,0,10,0,0,0,34
w,>60,nein,ledig,nein,Samstag,10-12 Uhr,< 10 km,1000-<2000,455,0,0,0,13,0,9,11,405,0,0,0,17,0,0,0
m,18-30,nein,ledig,nein,Samstag,14-17 Uhr,< 10 km,2000-<3200,179,10,15,0,15,88,15,0,8,8,0,8,0,12,0,0
m,31-40,ja,Partnerschaft,nein,Samstag,<10 Uhr,10 - 25 km,2000-<3200,30,3,0,0,0,0,0,0,0,0,0,7,0,20,0,0
w,41-50,nein,ledig,ja,Donnerstag,12-14 Uhr,< 10 km,<1000,271,0,0,9,7,77,0,0,124,0,54,0,0,0,0,0
w,>60,ja,ledig,nein,Donnerstag,<10 Uhr,10 - 25 km,2000-<3200,139,0,18,0,31,0,1,25,0,0,0,0,8,56,0,0
m,18-30,nein,Partnerschaft,ja,Samstag,12-14 Uhr,< 10 km,>4500,361,14,0,4,0,0,0,48,128,0,0,14,0,0,0,153
m,>60,ja,ledig,ja,Samstag,<10 Uhr,10 - 25 km,3200-<4500,16,4,0,0,0,0,0,0,0,0,0,12,0,0,0,0
w,>60,nein,ledig,nein,Samstag,10-12 Uhr,10 - 25 km,1000-<2000,117,0,0,27,8,0,13,18,0,0,0,0,7,44,0,0
w,>60,nein,ledig,nein,Samstag,14-17 Uhr,< 10 km,3200-<4500,103,0,0,0,18,0,9,5,0,0,18,0,18,0,35,0
m,31-40,nein,ledig,nein,Samstag,10-12 Uhr,> 25 km,<1000,161,14,0,0,36,0,0,0,0,17,7,57,0,30,0,0
w,>60,ja,ledig,nein,Montag,<10 Uhr,< 10 km,>4500,148,0,0,0,9,0,10,33,52,4,36,0,4,0,0,0
w,18-30,nein,Partnerschaft,ja,Mittwoch,12-14 Uhr,< 10 km,1000-<2000,21,0,0,0,0,0,0,0,0,0,0,21,0,0,0,0
w,41-50,nein,ledig,ja,Mittwoch,>17 Uhr,< 10 km,>4500,106,0,0,0,30,0,0,0,0,0,0,0,40,0,36,0
w,41-50,ja,ledig,nein,Mittwoch,12-14 Uhr,< 10 km,<1000,68,0,40,0,0,0,0,0,0,28,0,0,0,0,0,0
m,31-40,ja,ledig,nein,Samstag,14-17 Uhr,< 10 km,2000-<3200,107,23,30,0,0,0,0,24,20,0,0,10,0,0,0,0
w,18-30,ja,Partnerschaft,ja,Samstag,<10 Uhr,< 10 km,1000-<2000,84,0,0,0,0,0,0,0,16,68,0,0,0,0,0,0
w,>60,ja,ledig,nein,Samstag,<10 Uhr,10 - 25 km,2000-<3200,38,0,0,0,2,21,6,9,0,0,0,0,0,0,0,0
m,18-30,nein,ledig,nein,Samstag,14-17 Uhr,< 10 km,1000-<2000,312,14,0,0,0,5,14,102,108,3,0,4,0,54,8,0
m,51-60,nein,ledig,ja,Samstag,14-17 Uhr,10 - 25 km,<1000,75,5,0,0,0,0,0,0,0,0,0,10,60,0,0,0
w,18-30,nein,ledig,nein,Samstag,>17 Uhr,< 10 km,<1000,128,0,11,12,0,0,0,85,0,0,0,0,0,20,0,0
w,18-30,nein,ledig,nein,Samstag,14-17 Uhr,< 10 km,1000-<2000,286,0,0,4,0,8,0,0,120,0,0,10,0,0,144,0
w,51-60,nein,ledig,ja,Montag,14-17 Uhr,10 - 25 km,2000-<3200,301,0,0,0,37,0,2,80,0,0,0,0,0,54,128,0
m,41-50,nein,Partnerschaft,nein,Samstag,14-17 Uhr,< 10 km,2000-<3200,19,8,0,0,3,0,0,0,0,0,0,8,0,0,0,0
m,>60,ja,ledig,nein,Samstag,12-14 Uhr,< 10 km,3200-<4500,234,12,25,40,0,0,0,35,75,34,0,13,0,0,0,0
w,>60,nein,ledig,nein,Montag,<10 Uhr,> 25 km,<1000,193,0,0,0,4,0,9,34,0,130,0,0,16,0,0,0
w,18-30,nein,ledig,ja,Samstag,10-12 Uhr,< 10 km,<1000,76,0,4,0,0,0,0,0,0,0,0,0,0,0,72,0
m,>60,nein,ledig,nein,Samstag,<10 Uhr,< 10 km,<1000,207,0,0,0,0,0,18,0,0,126,40,5,0,18,0,0
m,31-40,nein,Partnerschaft,nein,Samstag,>17 Uhr,< 10 km,1000-<2000,56,2,0,0,21,0,0,0,0,0,24,9,0,0,0,0
m,>60,nein,ledig,nein,Samstag,<10 Uhr,< 10 km,<1000,206,12,3,9,5,0,0,0,160,0,0,5,0,0,12,0
m,>60,nein,ledig,nein,Donnerstag,<10 Uhr,< 10 km,1000-<2000,290,12,117,0,0,0,0,0,120,0,0,11,0,16,0,14
m,18-30,nein,ledig,ja,Samstag,14-17 Uhr,10 - 25 km,2000-<3200,315,20,0,0,0,25,20,0,126,88,0,36,0,0,0,0
m,18-30,nein,ledig,nein,Samstag,10-12 Uhr,10 - 25 km,3200-<4500,90,5,0,12,0,0,21,0,14,9,0,17,0,12,0,0
w,>60,ja,ledig,nein,Dienstag,10-12 Uhr,< 10 km,3200-<4500,30,0,0,0,1,0,13,14,0,0,0,0,2,0,0,0
w,31-40,nein,ledig,ja,Donnerstag,>17 Uhr,< 10 km,2000-<3200,13,0,0,0,0,0,0,0,0,0,0,0,0,0,13,0
m,>60,ja,Partnerschaft,nein,Samstag,10-12 Uhr,10 - 25 km,>4500,186,1,20,0,0,0,0,0,22,0,42,37,0,0,64,0
m,>60,ja,ledig,nein,Samstag,10-12 Uhr,< 10 km,>4500,90,2,0,0,0,21,0,0,0,0,0,13,0,54,0,0
m,31-40,ja,ledig,ja,Freitag,<10 Uhr,10 - 25 km,1000-<2000,25,1,0,0,0,0,0,24,0,0,0,0,0,0,0,0
m,18-30,nein,Partnerschaft,nein,Samstag,<10 Uhr,< 10 km,<1000,150,23,16,16,0,0,2,0,75,4,0,14,0,0,0,0
w,18-30,ja,Partnerschaft,nein,Samstag,14-17 Uhr,< 10 km,3200-<4500,88,16,0,0,0,0,0,52,0,0,20,0,0,0,0,0
m,18-30,nein,ledig,ja,Freitag,14-17 Uhr,10 - 25 km,2000-<3200,460,38,0,0,0,0,70,0,279,21,0,1,0,0,51,0
w,31-40,nein,Partnerschaft,nein,Dienstag,12-14 Uhr,10 - 25 km,1000-<2000,91,0,0,4,0,0,0,0,0,0,0,0,0,4,13,70
w,>60,nein,ledig,nein,Samstag,10-12 Uhr,< 10 km,1000-<2000,65,0,0,0,33,0,2,21,0,0,0,0,9,0,0,0
w,>60,nein,ledig,nein,Montag,<10 Uhr,10 - 25 km,<1000,235,0,0,0,0,6,6,11,35,0,9,0,168,0,0,0
m,18-30,nein,ledig,nein,Samstag,12-14 Uhr,10 - 25 km,<1000,155,3,0,32,0,0,17,0,62,9,0,14,0,18,0,0
w,18-30,nein,ledig,nein,Donnerstag,14-17 Uhr,10 - 25 km,>4500,325,0,0,0,9,0,0,72,180,0,0,8,0,56,0,0
w,18-30,nein,Partnerschaft,nein,Freitag,<10 Uhr,< 10 km,1000-<2000,94,0,0,0,14,0,0,80,0,0,0,0,0,0,0,0
w,18-30,nein,Partnerschaft,ja,Donnerstag,<10 Uhr,< 10 km,3200-<4500,2,0,0,0,0,0,0,0,0,0,0,2,0,0,0,0
w,18-30,ja,ledig,nein,Samstag,>17 Uhr,< 10 km,2000-<3200,28,0,0,0,0,0,0,0,0,0,0,0,0,28,0,0
m,18-30,nein,Partnerschaft,nein,Samstag,>17 Uhr,10 - 25 km,2000-<3200,181,7,18,0,0,0,9,42,72,8,0,1,24,0,0,0
w,18-30,nein,ledig,nein,Donnerstag,>17 Uhr,> 25 km,<1000,36,0,0,2,16,0,0,0,0,0,0,0,0,18,0,0
m,31-40,ja,ledig,nein,Samstag,10-12 Uhr,< 10 km,1000-<2000,81,1,0,0,15,8,24,0,0,0,21,12,0,0,0,0
m,18-30,nein,ledig,ja,Samstag,12-14 Uhr,< 10 km,<1000,258,12,48,0,8,30,14,0,133,2,0,11,0,0,0,0
m,51-60,ja,ledig,nein,Samstag,10-12 Uhr,10 - 25 km,3200-<4500,150,10,0,2,0,0,0,0,92,32,0,2,0,0,0,12
w,>60,nein,ledig,nein,Mittwoch,<10 Uhr,> 25 km,1000-<2000,179,0,33,3,10,0,6,11,0,0,0,0,6,56,0,54
m,18-30,ja,ledig,ja,Samstag,<10 Uhr,< 10 km,1000-<2000,160,13,0,0,0,0,14,105,7,14,0,7,0,0,0,0
w,31-40,nein,Partnerschaft,nein,Freitag,12-14 Uhr,< 10 km,<1000,262,0,64,0,0,0,0,0,0,0,15,0,0,0,117,66
m,18-30,nein,Partnerschaft,nein,Samstag,14-17 Uhr,< 10 km,1000-<2000,181,4,0,0,5,6,14,0,122,17,0,10,0,3,0,0
m,18-30,nein,ledig,ja,Donnerstag,14-17 Uhr,10 - 25 km,1000-<2000,180,0,0,18,24,0,0,0,10,3,0,47,0,30,0,48
m,41-50,nein,ledig,nein,Samstag,>17 Uhr,> 25 km,1000-<2000,39,2,0,16,0,10,0,0,0,0,0,11,0,0,0,0
w,>60,ja,ledig,nein,Samstag,<10 Uhr,< 10 km,<1000,270,0,12,0,13,50,6,124,0,0,0,0,15,0,0,50
w,>60,nein,ledig,nein,Samstag,10-12 Uhr,< 10 km,1000-<2000,157,6,0,0,4,0,13,59,0,0,0,0,26,0,0,49
m,31-40,ja,ledig,ja,Samstag,<10 Uhr,< 10 km,<1000,16,13,0,0,0,0,0,0,0,0,0,3,0,0,0,0
m,>60,nein,ledig,nein,Freitag,14-17 Uhr,10 - 25 km,1000-<2000,181,10,72,0,0,0,0,0,0,0,0,9,0,90,0,0
w,>60,nein,ledig,nein,Freitag,>17 Uhr,< 10 km,2000-<3200,469,0,0,0,9,32,54,46,272,0,56,0,0,0,0,0
m,>60,ja,ledig,nein,Samstag,14-17 Uhr,< 10 km,3200-<4500,444,0,6,0,16,0,40,0,272,0,0,11,99,0,0,0
w,18-30,nein,ledig,nein,Samstag,>17 Uhr,< 10 km,<1000,190,0,8,0,0,0,0,56,0,0,0,0,0,126,0,0
w,18-30,nein,Partnerschaft,ja,Mittwoch,<10 Uhr,< 10 km,1000-<2000,328,0,0,0,30,0,0,80,120,48,0,0,0,50,0,0
m,41-50,nein,ledig,nein,Mittwoch,<10 Uhr,< 10 km,>4500,216,14,0,0,0,0,0,0,0,76,0,22,48,56,0,0
m,51-60,nein,ledig,ja,Mittwoch,<10 Uhr,10 - 25 km,1000-<2000,280,46,0,0,0,54,76,0,55,0,0,7,0,0,0,42
w,18-30,nein,ledig,nein,Freitag,>17 Uhr,10 - 25 km,1000-<2000,100,0,0,0,20,0,0,0,0,0,0,0,80,0,0,0
w,>60,ja,ledig,nein,Donnerstag,14-17 Uhr,> 25 km,<1000,241,0,0,0,2,0,4,2,0,80,40,0,104,9,0,0
w,31-40,ja,ledig,nein,Samstag,10-12 Uhr,10 - 25 km,3200-<4500,278,0,24,0,0,0,144,0,42,0,0,24,0,44,0,0
m,18-30,nein,Partnerschaft,nein,Samstag,14-17 Uhr,< 10 km,<1000,88,8,2,0,54,0,3,0,5,10,0,6,0,0,0,0
m,>60,nein,ledig,ja,Samstag,10-12 Uhr,10 - 25 km,>4500,217,9,0,6,28,0,80,0,23,0,0,14,0,0,57,0
m,18-30,nein,ledig,nein,Samstag,10-12 Uhr,< 10 km,>4500,440,26,0,0,0,0,4,0,44,170,90,11,0,84,11,0
m,31-40,nein,ledig,ja,Samstag,14-17 Uhr,10 - 25 km,3200-<4500,73,7,20,0,0,0,0,14,0,0,4,28,0,0,0,0
m,18-30,nein,ledig,ja,Freitag,>17 Uhr,10 - 25 km,<1000,217,12,0,0,0,99,12,0,3,21,0,4,0,66,0,0
w,18-30,nein,ledig,nein,Dienstag,10-12 Uhr,> 25 km,1000-<2000,75,45,0,18,0,0,0,0,0,0,0,12,0,0,0,0
w,41-50,ja,Partnerschaft,nein,Samstag,14-17 Uhr,10 - 25 km,3200-<4500,32,0,0,0,0,0,0,0,0,0,0,0,0,0,0,32
w,18-30,nein,ledig,nein,Freitag,>17 Uhr,10 - 25 km,>4500,108,0,0,2,0,0,0,0,0,0,64,6,0,24,12,0
w,>60,ja,ledig,nein,Freitag,<10 Uhr,< 10 km,1000-<2000,190,0,18,0,13,0,10,28,0,0,0,0,6,75,40,0
m,18-30,nein,ledig,nein,Dienstag,10-12 Uhr,> 25 km,2000-<3200,137,9,72,0,0,0,20,0,2,11,0,15,0,8,0,0
w,18-30,nein,Partnerschaft,nein,Samstag,<10 Uhr,> 25 km,2000-<3200,85,0,0,6,0,0,0,0,0,0,63,0,0,16,0,0
w,18-30,ja,ledig,nein,Samstag,>17 Uhr,< 10 km,>4500,54,0,0,28,2,0,0,0,0,0,0,0,0,24,0,0
m,31-40,ja,ledig,nein,Samstag,>17 Uhr,< 10 km,3200-<4500,212,39,0,0,0,0,64,0,24,0,0,5,0,80,0,0
m,18-30,nein,ledig,ja,Samstag,10-12 Uhr,10 - 25 km,<1000,228,14,0,21,0,0,0,0,125,4,0,0,0,64,0,0
w,>60,nein,ledig,nein,Mittwoch,10-12 Uhr,10 - 25 km,1000-<2000,403,0,0,0,8,72,10,68,60,152,24,0,0,9,0,0
w,>60,ja,ledig,nein,Samstag,<10 Uhr,10 - 25 km,3200-<4500,155,0,0,18,4,28,9,23,0,0,0,0,13,0,0,60
w,41-50,nein,Partnerschaft,nein,Donnerstag,10-12 Uhr,< 10 km,<1000,430,10,20,0,81,6,0,117,0,0,0,0,126,70,0,0
m,51-60,nein,ledig,nein,Freitag,<10 Uhr,10 - 25 km,2000-<3200,40,2,0,0,0,0,0,30,0,0,0,8,0,0,0,0
w,18-30,nein,ledig,ja,Samstag,>17 Uhr,< 10 km,2000-<3200,114,0,0,6,0,0,81,0,0,0,0,27,0,0,0,0
m,18-30,nein,Partnerschaft,nein,Samstag,>17 Uhr,< 10 km,2000-<3200,172,9,12,0,0,55,20,0,9,11,0,2,0,54,0,0
m,>60,nein,ledig,nein,Samstag,<10 Uhr,< 10 km,<1000,19,3,0,0,4,0,0,0,0,0,0,12,0,0,0,0
w,18-30,nein,ledig,ja,Montag,>17 Uhr,< 10 km,1000-<2000,0,0,0,0,0,0,0,0,0,0,0,0,0,0,0,0
m,31-40,nein,Partnerschaft,nein,Samstag,>17 Uhr,10 - 25 km,1000-<2000,148,0,0,14,0,0,0,0,102,0,0,11,0,0,21,0
m,18-30,ja,ledig,nein,Samstag,<10 Uhr,< 10 km,>4500,437,8,0,0,0,0,9,0,214,6,0,13,60,55,72,0
m,18-30,nein,ledig,nein,Samstag,>17 Uhr,< 10 km,>4500,292,11,36,0,15,0,18,40,71,21,18,18,0,44,0,0
m,18-30,ja,ledig,ja,Samstag,>17 Uhr,< 10 km,3200-<4500,195,13,0,0,0,0,20,0,8,55,35,24,0,0,0,40
w,>60,nein,ledig,nein,Samstag,14-17 Uhr,< 10 km,3200-<4500,230,0,0,0,3,21,10,8,0,0,0,0,55,0,133,0
w,18-30,nein,ledig,ja,Freitag,>17 Uhr,< 10 km,1000-<2000,78,0,0,0,0,0,0,66,0,0,0,0,0,12,0,0
m,18-30,nein,ledig,nein,Samstag,10-12 Uhr,10 - 25 km,1000-<2000,344,10,60,0,40,0,12,108,80,25,0,9,0,0,0,0
w,18-30,ja,ledig,ja,Donnerstag,10-12 Uhr,< 10 km,<1000,104,0,0,0,0,0,0,48,0,0,0,0,0,0,56,0
w,>60,nein,Partnerschaft,nein,Mittwoch,14-17 Uhr,10 - 25 km,<1000,217,0,0,0,5,0,14,18,0,0,20,6,63,0,56,35
w,>60,nein,Partnerschaft,nein,Samstag,14-17 Uhr,10 - 25 km,3200-<4500,211,0,0,0,7,0,1,23,0,168,0,0,12,0,0,0
w,18-30,nein,ledig,nein,Mittwoch,>17 Uhr,< 10 km,1000-<2000,318,0,0,0,0,70,0,0,120,18,6,3,0,36,65,0
w,18-30,nein,Partnerschaft,nein,Samstag,<10 Uhr,10 - 25 km,>4500,93,0,0,0,9,0,0,0,0,0,0,0,0,0,0,84
w,>60,nein,ledig,nein,Samstag,<10 Uhr,< 10 km,2000-<3200,228,0,0,0,33,0,5,13,130,0,0,0,11,36,0,0
w,31-40,nein,ledig,nein,Samstag,>17 Uhr,10 - 25 km,2000-<3200,284,0,0,27,16,0,75,0,0,104,12,0,0,14,0,36
m,18-30,nein,ledig,nein,Dienstag,12-14 Uhr,> 25 km,1000-<2000,358,4,0,0,48,25,5,4,162,18,0,36,0,56,0,0
m,31-40,nein,ledig,ja,Samstag,12-14 Uhr,> 25 km,2000-<3200,211,14,0,0,0,0,0,0,176,0,0,3,18,0,0,0
w,>60,nein,ledig,nein,Donnerstag,<10 Uhr,< 10 km,1000-<2000,223,0,0,0,31,72,7,21,0,50,0,0,5,30,7,0
m,18-30,ja,ledig,nein,Samstag,14-17 Uhr,10 - 25 km,1000-<2000,369,11,21,0,20,0,18,54,109,10,24,6,0,20,0,76
w,31-40,ja,ledig,nein,Dienstag,12-14 Uhr,< 10 km,1000-<2000,365,0,104,0,12,0,0,0,145,0,0,0,10,88,6,0
m,31-40,nein,Partnerschaft,nein,Samstag,14-17 Uhr,< 10 km,1000-<2000,132,2,0,10,0,0,0,21,44,0,0,7,48,0,0,0
w,18-30,ja,ledig,ja,Freitag,12-14 Uhr,10 - 25 km,<1000,180,0,0,0,0,0,0,0,0,0,32,0,0,8,0,140
m,51-60,ja,Partnerschaft,ja,Samstag,>17 Uhr,10 - 25 km,<1000,480,2,0,0,0,0,0,0,450,0,21,7,0,0,0,0
m,18-30,nein,ledig,nein,Samstag,<10 Uhr,10 - 25 km,2000-<3200,155,6,0,0,27,0,13,4,12,10,0,9,0,20,54,0
m,31-40,nein,ledig,ja,Samstag,12-14 Uhr,< 10 km,>4500,210,4,55,0,36,0,0,0,0,0,0,6,88,0,0,21
w,51-60,nein,ledig,nein,Donnerstag,>17 Uhr,< 10 km,1000-<2000,399,0,15,0,16,0,248,7,60,0,0,28,11,14,0,0
m,18-30,nein,ledig,nein,Samstag,>17 Uhr,< 10 km,3200-<4500,163,13,0,0,0,0,32,14,3,27,0,2,0,0,72,0
w,>60,nein,ledig,nein,Donnerstag,>17 Uhr,> 25 km,2000-<3200,266,0,0,0,16,2,10,26,156,0,0,15,1,40,0,0
m,>60,nein,ledig,ja,Samstag,<10 Uhr,< 10 km,1000-<2000,320,13,0,36,24,0,26,0,0,0,56,25,0,0,140,0
w,41-50,nein,Partnerschaft,nein,Mittwoch,>17 Uhr,10 - 25 km,<1000,144,0,27,0,0,0,0,0,0,0,0,36,0,81,0,0
w,>60,nein,ledig,nein,Montag,>17 Uhr,10 - 25 km,3200-<4500,121,0,0,0,40,0,59,3,0,0,0,0,19,0,0,0
w,>60,nein,ledig,nein,Samstag,14-17 Uhr,> 25 km,1000-<2000,34,0,0,0,11,0,11,0,0,0,0,0,12,0,0,0
w,41-50,nein,Partnerschaft,nein,Donnerstag,10-12 Uhr,> 25 km,>4500,278,0,0,0,0,28,0,0,80,55,0,18,0,52,0,45
m,31-40,nein,Partnerschaft,nein,Samstag,12-14 Uhr,< 10 km,<1000,233,5,0,0,0,0,84,0,0,0,0,3,65,6,70,0
w,41-50,ja,ledig,nein,Samstag,10-12 Uhr,< 10 km,3200-<4500,209,0,0,21,12,0,0,56,96,0,24,0,0,0,0,0
w,18-30,ja,ledig,nein,Donnerstag,<10 Uhr,< 10 km,1000-<2000,217,0,15,0,0,0,0,0,0,12,6,0,65,0,119,0
w,41-50,nein,Partnerschaft,nein,Samstag,14-17 Uhr,< 10 km,2000-<3200,63,3,0,0,40,0,0,0,0,0,0,20,0,0,0,0
m,18-30,nein,ledig,nein,Samstag,>17 Uhr,10 - 25 km,2000-<3200,216,22,20,0,0,0,10,105,0,38,0,9,0,12,0,0
w,>60,nein,ledig,nein,Freitag,10-12 Uhr,> 25 km,1000-<2000,199,0,0,0,9,35,14,22,0,0,0,0,47,72,0,0
m,31-40,nein,Partnerschaft,ja,Samstag,>17 Uhr,< 10 km,>4500,175,4,0,0,0,0,0,0,85,0,0,22,16,48,0,0
m,18-30,ja,ledig,ja,Samstag,<10 Uhr,10 - 25 km,>4500,170,13,0,0,0,0,133,0,2,21,0,1,0,0,0,0
m,41-50,ja,ledig,nein,Samstag,14-17 Uhr,10 - 25 km,1000-<2000,110,38,0,0,0,72,0,0,0,0,0,0,0,0,0,0
m,>60,nein,Partnerschaft,nein,Samstag,10-12 Uhr,< 10 km,<1000,228,0,0,0,30,0,0,0,16,88,0,10,0,0,84,0
w,>60,ja,Partnerschaft,nein,Samstag,14-17 Uhr,< 10 km,1000-<2000,315,0,0,0,17,0,2,15,217,0,0,0,0,60,4,0
w,>60,ja,ledig,nein,Samstag,<10 Uhr,< 10 km,>4500,147,0,0,4,17,0,1,23,0,0,0,0,12,90,0,0
w,41-50,nein,ledig,nein,Samstag,<10 Uhr,> 25 km,>4500,281,6,48,0,21,0,0,0,150,0,0,0,0,56,0,0
w,41-50,ja,ledig,ja,Donnerstag,<10 Uhr,< 10 km,<1000,82,0,33,0,0,16,0,11,0,0,8,0,0,14,0,0
w,41-50,nein,ledig,nein,Samstag,<10 Uhr,< 10 km,3200-<4500,56,0,56,0,0,0,0,0,0,0,0,0,0,0,0,0
w,>60,nein,ledig,nein,Samstag,<10 Uhr,< 10 km,1000-<2000,150,0,0,14,19,0,10,1,0,100,0,0,6,0,0,0
m,31-40,nein,Partnerschaft,nein,Samstag,14-17 Uhr,< 10 km,3200-<4500,32,6,0,12,0,0,0,0,0,0,0,14,0,0,0,0
w,18-30,nein,ledig,nein,Freitag,>17 Uhr,< 10 km,>4500,210,56,0,0,0,0,0,0,0,154,0,0,0,0,0,0
m,18-30,nein,ledig,nein,Samstag,<10 Uhr,< 10 km,1000-<2000,201,2,0,0,56,0,8,0,3,21,63,37,0,0,0,11
w,>60,nein,Partnerschaft,nein,Montag,14-17 Uhr,< 10 km,3200-<4500,173,0,0,0,35,0,13,22,0,44,0,42,17,0,0,0
w,>60,nein,ledig,nein,Samstag,10-12 Uhr,10 - 25 km,<1000,86,0,9,0,13,0,13,9,0,0,0,0,3,39,0,0
m,18-30,ja,ledig,ja,Samstag,10-12 Uhr,10 - 25 km,2000-<3200,200,12,0,0,20,0,14,81,2,9,5,12,0,45,0,0
w,18-30,nein,ledig,ja,Mittwoch,<10 Uhr,10 - 25 km,1000-<2000,304,16,11,6,0,55,0,0,168,0,12,0,0,0,0,36
w,>60,ja,ledig,nein,Samstag,<10 Uhr,< 10 km,1000-<2000,51,0,14,0,3,0,1,8,0,0,0,12,13,0,0,0
m,18-30,nein,Partnerschaft,ja,Montag,12-14 Uhr,10 - 25 km,1000-<2000,85,12,0,0,0,35,16,0,7,10,0,5,0,0,0,0
w,41-50,ja,ledig,ja,Donnerstag,>17 Uhr,< 10 km,3200-<4500,280,0,0,0,0,0,9,0,0,100,0,0,0,171,0,0
w,31-40,nein,Partnerschaft,nein,Donnerstag,>17 Uhr,< 10 km,1000-<2000,42,0,0,0,6,0,0,0,0,22,14,0,0,0,0,0
w,18-30,ja,Partnerschaft,nein,Donnerstag,<10 Uhr,10 - 25 km,1000-<2000,33,0,0,0,0,0,0,0,0,0,0,0,0,0,0,33
m,>60,nein,ledig,nein,Samstag,10-12 Uhr,< 10 km,1000-<2000,57,9,9,0,0,0,0,0,0,0,32,7,0,0,0,0
w,18-30,nein,ledig,ja,Samstag,10-12 Uhr,< 10 km,1000-<2000,0,0,0,0,0,0,0,0,0,0,0,0,0,0,0,0
w,41-50,ja,ledig,nein,Montag,>17 Uhr,10 - 25 km,2000-<3200,260,2,0,0,6,0,0,0,252,0,0,0,0,0,0,0
m,31-40,ja,ledig,nein,Samstag,10-12 Uhr,10 - 25 km,<1000,38,6,18,0,0,0,0,0,0,0,0,14,0,0,0,0
m,18-30,ja,Partnerschaft,nein,Dienstag,>17 Uhr,10 - 25 km,1000-<2000,216,9,0,0,0,0,20,0,14,161,0,12,0,0,0,0
m,18-30,nein,Partnerschaft,ja,Samstag,<10 Uhr,10 - 25 km,<1000,241,4,0,0,27,42,123,0,17,18,8,2,0,0,0,0
w,31-40,ja,ledig,nein,Samstag,>17 Uhr,> 25 km,3200-<4500,63,0,0,0,0,0,0,0,0,63,0,0,0,0,0,0
m,>60,nein,ledig,nein,Samstag,<10 Uhr,< 10 km,2000-<3200,201,3,0,0,0,0,0,50,0,0,0,7,96,45,0,0
w,>60,nein,ledig,nein,Mittwoch,14-17 Uhr,> 25 km,2000-<3200,128,0,0,0,9,0,0,11,33,40,0,18,17,0,0,0
w,41-50,ja,ledig,nein,Donnerstag,>17 Uhr,< 10 km,2000-<3200,36,0,0,24,2,0,0,0,0,0,0,0,0,0,10,0
m,18-30,nein,ledig,nein,Donnerstag,10-12 Uhr,10 - 25 km,1000-<2000,216,15,0,0,0,90,6,20,10,20,0,10,0,0,0,45
w,>60,nein,ledig,nein,Donnerstag,<10 Uhr,< 10 km,2000-<3200,43,0,0,0,12,0,8,8,0,0,0,0,15,0,0,0
w,18-30,nein,ledig,ja,Samstag,<10 Uhr,< 10 km,<1000,179,0,0,0,6,0,0,0,0,0,0,2,105,66,0,0
w,18-30,nein,ledig,nein,Freitag,14-17 Uhr,10 - 25 km,1000-<2000,4,0,0,0,0,0,0,4,0,0,0,0,0,0,0,0
w,>60,nein,Partnerschaft,ja,Donnerstag,10-12 Uhr,< 10 km,2000-<3200,68,0,0,0,13,0,12,27,0,0,0,0,16,0,0,0
w,>60,nein,ledig,nein,Samstag,>17 Uhr,10 - 25 km,1000-<2000,263,0,0,0,19,0,0,27,152,0,0,0,17,48,0,0
w,51-60,nein,ledig,nein,Mittwoch,14-17 Uhr,> 25 km,1000-<2000,107,0,0,0,10,0,9,5,20,40,8,12,3,0,0,0
m,41-50,ja,Partnerschaft,nein,Samstag,>17 Uhr,< 10 km,1000-<2000,73,12,0,0,0,0,0,0,0,0,0,12,0,49,0,0
w,>60,nein,ledig,nein,Dienstag,10-12 Uhr,< 10 km,>4500,143,0,0,0,9,0,11,19,6,0,0,0,18,80,0,0
m,>60,nein,ledig,nein,Dienstag,<10 Uhr,< 10 km,1000-<2000,17,8,0,0,0,6,0,0,0,0,0,3,0,0,0,0
m,18-30,nein,ledig,nein,Samstag,10-12 Uhr,10 - 25 km,3200-<4500,236,10,0,0,0,0,21,0,174,10,8,13,0,0,0,0
w,>60,nein,ledig,nein,Donnerstag,10-12 Uhr,10 - 25 km,1000-<2000,381,0,0,0,67,9,0,6,189,32,0,0,0,78,0,0
m,18-30,nein,ledig,ja,Samstag,12-14 Uhr,< 10 km,3200-<4500,133,17,0,36,0,4,16,0,3,9,42,6,0,0,0,0
w,41-50,nein,Partnerschaft,nein,Montag,10-12 Uhr,> 25 km,<1000,5,0,0,0,5,0,0,0,0,0,0,0,0,0,0,0
w,41-50,nein,ledig,nein,Samstag,12-14 Uhr,< 10 km,2000-<3200,302,0,0,0,0,50,0,0,0,128,40,0,0,0,84,0
w,41-50,nein,Partnerschaft,ja,Donnerstag,14-17 Uhr,< 10 km,<1000,252,0,30,0,0,0,0,96,0,0,0,0,108,18,0,0
m,18-30,nein,Partnerschaft,ja,Samstag,>17 Uhr,< 10 km,3200-<4500,363,14,20,0,8,0,20,0,2,271,0,0,0,0,0,28
w,>60,ja,ledig,nein,Freitag,10-12 Uhr,10 - 25 km,>4500,71,0,0,0,6,18,11,23,0,0,0,0,9,0,0,4
m,18-30,nein,ledig,ja,Samstag,>17 Uhr,< 10 km,<1000,131,4,56,21,0,0,12,0,14,0,0,24,0,0,0,0
w,>60,ja,ledig,nein,Samstag,10-12 Uhr,10 - 25 km,3200-<4500,213,0,0,0,10,0,0,29,0,144,0,9,10,11,0,0
w,>60,ja,ledig,nein,Donnerstag,<10 Uhr,< 10 km,<1000,225,0,0,0,0,20,3,33,0,99,0,1,13,56,0,0
w,18-30,ja,Partnerschaft,nein,Donnerstag,>17 Uhr,< 10 km,1000-<2000,96,0,0,0,0,0,0,0,0,60,36,0,0,0,0,0
w,31-40,nein,Partnerschaft,nein,Donnerstag,10-12 Uhr,10 - 25 km,1000-<2000,81,0,0,0,0,0,0,0,0,0,0,0,81,0,0,0
w,18-30,ja,ledig,nein,Samstag,12-14 Uhr,10 - 25 km,1000-<2000,406,0,0,0,0,0,135,0,0,140,0,0,0,91,0,40
m,18-30,nein,Partnerschaft,ja,Samstag,<10 Uhr,< 10 km,3200-<4500,68,9,0,0,0,0,14,0,12,21,0,12,0,0,0,0
w,>60,ja,Partnerschaft,ja,Freitag,12-14 Uhr,10 - 25 km,>4500,37,0,0,0,17,0,7,1,0,0,0,0,12,0,0,0
w,>60,nein,ledig,nein,Donnerstag,10-12 Uhr,< 10 km,2000-<3200,161,0,0,0,42,0,3,20,0,0,0,0,18,78,0,0
w,18-30,ja,ledig,ja,Freitag,14-17 Uhr,< 10 km,>4500,78,0,0,0,8,0,0,22,0,0,0,0,48,0,0,0
m,18-30,ja,Partnerschaft,nein,Samstag,>17 Uhr,10 - 25 km,1000-<2000,115,4,20,0,0,0,7,35,21,8,0,20,0,0,0,0
w,41-50,nein,ledig,ja,Donnerstag,10-12 Uhr,< 10 km,<1000,197,0,21,0,0,0,0,0,104,0,0,0,0,72,0,0
w,>60,nein,ledig,nein,Samstag,10-12 Uhr,10 - 25 km,1000-<2000,295,0,24,0,7,63,3,5,20,128,0,0,45,0,0,0
w,18-30,ja,ledig,ja,Dienstag,>17 Uhr,10 - 25 km,<1000,77,24,0,0,32,0,0,0,0,0,0,0,0,21,0,0
w,51-60,nein,ledig,nein,Freitag,10-12 Uhr,< 10 km,2000-<3200,20,0,0,0,3,0,4,11,0,0,0,0,2,0,0,0
m,18-30,nein,Partnerschaft,ja,Samstag,12-14 Uhr,< 10 km,1000-<2000,238,37,0,0,0,0,17,0,52,2,0,4,126,0,0,0
m,18-30,ja,ledig,ja,Samstag,14-17 Uhr,10 - 25 km,1000-<2000,79,7,0,0,20,3,0,16,17,5,0,11,0,0,0,0
m,>60,nein,ledig,nein,Donnerstag,<10 Uhr,< 10 km,1000-<2000,329,0,0,0,4,0,0,60,252,0,0,13,0,0,0,0
w,>60,nein,Partnerschaft,ja,Samstag,14-17 Uhr,10 - 25 km,1000-<2000,143,0,0,0,18,0,13,20,0,0,0,0,1,0,0,91
w,18-30,nein,ledig,nein,Montag,>17 Uhr,< 10 km,>4500,222,0,0,0,0,0,0,60,140,0,0,0,0,0,22,0
w,18-30,ja,Partnerschaft,nein,Samstag,<10 Uhr,< 10 km,3200-<4500,157,64,0,0,7,0,0,10,52,0,0,0,0,24,0,0
w,41-50,ja,Partnerschaft,nein,Donnerstag,>17 Uhr,< 10 km,1000-<2000,0,0,0,0,0,0,0,0,0,0,0,0,0,0,0,0
w,18-30,nein,Partnerschaft,nein,Freitag,>17 Uhr,10 - 25 km,1000-<2000,133,0,96,0,0,0,12,0,0,0,0,0,0,25,0,0
w,31-40,nein,ledig,ja,Donnerstag,>17 Uhr,< 10 km,1000-<2000,390,0,0,32,0,0,171,0,15,64,32,30,0,25,0,21
w,>60,nein,Partnerschaft,nein,Donnerstag,<10 Uhr,< 10 km,1000-<2000,300,0,0,0,2,0,12,2,273,0,0,0,11,0,0,0
m,31-40,ja,ledig,ja,Freitag,>17 Uhr,< 10 km,1000-<2000,287,12,0,0,0,0,0,0,0,0,0,8,189,0,0,78
w,31-40,nein,ledig,nein,Samstag,<10 Uhr,< 10 km,1000-<2000,403,0,0,0,12,0,144,0,99,0,12,10,0,24,0,102
m,>60,nein,ledig,nein,Samstag,<10 Uhr,< 10 km,1000-<2000,83,12,0,0,4,0,0,0,0,0,0,2,0,0,0,65
w,41-50,nein,ledig,nein,Samstag,>17 Uhr,> 25 km,3200-<4500,92,32,45,0,0,0,0,0,15,0,0,0,0,0,0,0
w,41-50,nein,Partnerschaft,ja,Freitag,>17 Uhr,10 - 25 km,3200-<4500,205,9,0,0,0,22,0,102,0,0,0,0,0,0,0,72
w,31-40,nein,ledig,ja,Donnerstag,14-17 Uhr,10 - 25 km,1000-<2000,200,0,24,0,0,0,0,0,152,0,0,0,0,24,0,0
m,18-30,nein,ledig,nein,Samstag,10-12 Uhr,> 25 km,1000-<2000,146,7,0,0,63,30,17,0,17,6,0,6,0,0,0,0
m,18-30,nein,Partnerschaft,nein,Samstag,14-17 Uhr,< 10 km,1000-<2000,145,2,0,0,0,0,58,0,1,72,0,12,0,0,0,0
w,18-30,nein,ledig,nein,Montag,<10 Uhr,< 10 km,2000-<3200,219,0,3,0,4,0,0,0,2,0,0,3,0,45,0,162
w,51-60,ja,ledig,nein,Mittwoch,>17 Uhr,> 25 km,2000-<3200,92,0,0,0,7,18,11,17,0,0,0,4,21,14,0,0
w,41-50,ja,ledig,nein,Donnerstag,10-12 Uhr,< 10 km,1000-<2000,40,0,0,0,0,0,0,0,29,0,0,0,0,11,0,0
w,>60,nein,ledig,nein,Donnerstag,10-12 Uhr,> 25 km,3200-<4500,257,0,0,0,15,0,8,19,126,0,0,0,1,40,48,0
w,41-50,nein,ledig,ja,Samstag,12-14 Uhr,< 10 km,2000-<3200,272,4,0,0,0,0,189,0,0,64,15,0,0,0,0,0
w,41-50,nein,ledig,nein,Samstag,10-12 Uhr,10 - 25 km,3200-<4500,16,0,0,0,16,0,0,0,0,0,0,0,0,0,0,0
w,31-40,nein,ledig,nein,Samstag,<10 Uhr,< 10 km,3200-<4500,620,0,0,0,0,0,0,99,440,0,81,0,0,0,0,0
w,18-30,ja,ledig,nein,Donnerstag,>17 Uhr,< 10 km,<1000,154,0,72,0,0,0,0,0,0,0,18,0,0,0,0,64
m,18-30,ja,ledig,ja,Samstag,10-12 Uhr,< 10 km,1000-<2000,244,0,0,0,0,63,8,0,12,19,0,10,0,0,36,96
w,18-30,nein,Partnerschaft,ja,Donnerstag,10-12 Uhr,< 10 km,1000-<2000,45,30,0,15,0,0,0,0,0,0,0,0,0,0,0,0
w,41-50,nein,ledig,nein,Freitag,12-14 Uhr,< 10 km,<1000,0,0,0,0,0,0,0,0,0,0,0,0,0,0,0,0
w,31-40,nein,ledig,nein,Dienstag,12-14 Uhr,< 10 km,1000-<2000,411,0,81,0,9,0,0,0,168,80,0,3,0,70,0,0
m,31-40,ja,ledig,ja,Dienstag,14-17 Uhr,< 10 km,<1000,310,9,0,0,14,0,0,0,0,0,12,11,126,0,48,90
w,18-30,ja,ledig,nein,Samstag,>17 Uhr,< 10 km,2000-<3200,35,0,0,0,0,0,0,0,0,0,35,0,0,0,0,0
w,18-30,ja,ledig,ja,Donnerstag,14-17 Uhr,< 10 km,1000-<2000,119,0,0,0,0,33,0,0,0,0,0,45,0,0,30,11
w,18-30,ja,Partnerschaft,nein,Freitag,<10 Uhr,10 - 25 km,>4500,61,0,0,0,0,0,0,0,0,0,0,1,0,60,0,0
m,>60,ja,ledig,nein,Dienstag,<10 Uhr,> 25 km,<1000,258,5,0,0,35,0,0,0,217,0,0,1,0,0,0,0
m,>60,nein,Partnerschaft,nein,Donnerstag,14-17 Uhr,< 10 km,<1000,59,12,0,0,8,0,0,18,0,0,0,21,0,0,0,0
m,18-30,ja,ledig,ja,Donnerstag,10-12 Uhr,10 - 25 km,1000-<2000,184,7,72,0,0,0,15,40,0,43,0,7,0,0,0,0
w,18-30,nein,Partnerschaft,nein,Donnerstag,>17 Uhr,< 10 km,2000-<3200,54,0,0,0,0,18,0,0,0,0,0,6,0,30,0,0
w,>60,ja,Partnerschaft,nein,Donnerstag,<10 Uhr,< 10 km,<1000,69,0,0,0,1,8,5,42,0,0,0,0,13,0,0,0
w,18-30,nein,ledig,nein,Donnerstag,12-14 Uhr,< 10 km,>4500,61,0,16,0,0,0,0,0,45,0,0,0,0,0,0,0
m,18-30,nein,Partnerschaft,nein,Samstag,>17 Uhr,10 - 25 km,3200-<4500,66,5,0,0,0,0,12,0,5,41,0,3,0,0,0,0
w,41-50,nein,Partnerschaft,ja,Samstag,10-12 Uhr,< 10 km,<1000,77,0,0,6,0,0,0,0,41,0,30,0,0,0,0,0
w,18-30,nein,ledig,ja,Montag,12-14 Uhr,< 10 km,1000-<2000,87,0,0,0,15,0,0,0,0,0,0,0,0,0,0,72
w,>60,nein,Partnerschaft,nein,Samstag,14-17 Uhr,< 10 km,<1000,314,0,3,0,5,30,101,17,0,78,0,0,16,36,28,0
w,>60,nein,ledig,nein,Dienstag,<10 Uhr,< 10 km,1000-<2000,404,0,0,0,67,0,7,23,0,279,0,12,16,0,0,0
w,>60,nein,Partnerschaft,nein,Donnerstag,<10 Uhr,< 10 km,1000-<2000,67,0,0,0,18,0,7,38,0,0,0,0,4,0,0,0
m,>60,ja,ledig,nein,Samstag,<10 Uhr,< 10 km,3200-<4500,105,10,0,0,0,0,0,0,0,70,0,11,0,0,0,14
w,31-40,ja,Partnerschaft,nein,Donnerstag,>17 Uhr,10 - 25 km,1000-<2000,192,0,0,0,18,0,0,0,0,150,0,24,0,0,0,0
w,18-30,nein,ledig,nein,Samstag,<10 Uhr,< 10 km,<1000,174,0,0,0,0,0,0,0,0,0,0,0,90,84,0,0
w,18-30,nein,ledig,nein,Montag,<10 Uhr,< 10 km,1000-<2000,48,0,0,0,0,0,0,0,0,0,0,20,0,28,0,0
m,18-30,nein,ledig,nein,Mittwoch,>17 Uhr,< 10 km,2000-<3200,622,8,0,0,0,0,3,144,409,20,0,13,0,25,0,0
w,18-30,ja,Partnerschaft,nein,Freitag,>17 Uhr,< 10 km,<1000,70,0,42,0,0,0,0,0,0,0,6,14,0,0,0,8
w,>60,ja,Partnerschaft,nein,Samstag,10-12 Uhr,10 - 25 km,<1000,270,0,64,0,90,0,5,49,0,0,0,16,14,32,0,0
w,31-40,nein,ledig,ja,Dienstag,<10 Uhr,< 10 km,<1000,153,0,30,6,20,0,0,0,0,40,21,0,0,36,0,0
w,41-50,nein,Partnerschaft,nein,Donnerstag,>17 Uhr,10 - 25 km,3200-<4500,132,0,0,0,0,0,0,132,0,0,0,0,0,0,0,0
w,>60,nein,ledig,nein,Mittwoch,<10 Uhr,< 10 km,2000-<3200,347,0,0,0,2,35,99,7,0,0,0,0,19,112,9,64
w,41-50,ja,ledig,nein,Freitag,10-12 Uhr,< 10 km,2000-<3200,91,0,0,0,10,0,0,0,0,0,0,0,0,16,65,0
w,18-30,nein,ledig,nein,Samstag,14-17 Uhr,< 10 km,<1000,144,16,0,18,2,0,0,24,60,0,0,0,0,24,0,0
w,18-30,ja,ledig,nein,Samstag,12-14 Uhr,10 - 25 km,<1000,683,0,10,0,0,119,0,126,280,136,0,12,0,0,0,0
w,41-50,nein,Partnerschaft,ja,Donnerstag,>17 Uhr,< 10 km,3200-<4500,162,0,0,0,0,0,0,0,78,0,0,0,60,0,24,0
w,31-40,ja,ledig,nein,Mittwoch,10-12 Uhr,> 25 km,1000-<2000,194,0,0,0,0,0,144,28,0,0,0,0,0,22,0,0
m,51-60,nein,ledig,ja,Samstag,>17 Uhr,< 10 km,>4500,134,6,56,0,0,0,0,0,24,0,40,8,0,0,0,0
m,>60,nein,ledig,nein,Samstag,<10 Uhr,10 - 25 km,1000-<2000,148,8,0,8,32,54,0,0,0,0,0,46,0,0,0,0
w,>60,nein,ledig,nein,Freitag,<10 Uhr,< 10 km,1000-<2000,128,0,0,0,1,0,14,25,0,24,0,0,10,54,0,0
w,18-30,nein,ledig,ja,Donnerstag,>17 Uhr,10 - 25 km,1000-<2000,265,0,48,0,18,0,0,0,44,104,0,0,51,0,0,0
w,18-30,ja,ledig,nein,Samstag,14-17 Uhr,10 - 25 km,1000-<2000,70,0,16,0,54,0,0,0,0,0,0,0,0,0,0,0
w,41-50,nein,ledig,ja,Donnerstag,<10 Uhr,< 10 km,>4500,157,0,0,0,0,0,0,20,110,0,0,27,0,0,0,0
w,41-50,nein,ledig,ja,Samstag,14-17 Uhr,< 10 km,1000-<2000,260,28,0,0,36,0,12,78,66,0,0,0,0,40,0,0
w,18-30,ja,ledig,nein,Donnerstag,10-12 Uhr,< 10 km,<1000,290,7,0,6,0,50,10,0,217,0,0,0,0,0,0,0
w,18-30,nein,ledig,nein,Mittwoch,>17 Uhr,10 - 25 km,<1000,0,0,0,0,0,0,0,0,0,0,0,0,0,0,0,0
w,>60,nein,Partnerschaft,nein,Samstag,10-12 Uhr,10 - 25 km,1000-<2000,284,0,0,0,11,56,94,41,40,0,0,24,18,0,0,0
w,>60,nein,Partnerschaft,nein,Donnerstag,10-12 Uhr,10 - 25 km,1000-<2000,86,0,0,9,4,0,9,22,0,16,0,9,17,0,0,0
m,>60,ja,ledig,nein,Samstag,<10 Uhr,10 - 25 km,1000-<2000,180,14,0,0,36,0,126,0,0,0,0,4,0,0,0,0
w,18-30,nein,Partnerschaft,ja,Samstag,10-12 Uhr,< 10 km,<1000,246,0,90,0,0,25,0,0,26,105,0,0,0,0,0,0
w,41-50,nein,Partnerschaft,ja,Samstag,14-17 Uhr,< 10 km,1000-<2000,155,0,0,0,10,0,0,0,145,0,0,0,0,0,0,0
w,>60,nein,ledig,nein,Samstag,<10 Uhr,10 - 25 km,3200-<4500,212,14,0,0,68,0,6,29,12,46,0,0,32,5,0,0
w,>60,ja,ledig,nein,Donnerstag,<10 Uhr,10 - 25 km,3200-<4500,64,0,0,0,1,0,13,17,21,0,0,0,12,0,0,0
m,18-30,nein,ledig,nein,Samstag,14-17 Uhr,< 10 km,1000-<2000,173,12,0,0,30,0,10,0,1,96,0,24,0,0,0,0
w,51-60,ja,Partnerschaft,ja,Samstag,12-14 Uhr,< 10 km,>4500,150,0,0,0,1,0,5,24,30,0,0,0,15,75,0,0
w,>60,nein,Partnerschaft,nein,Samstag,<10 Uhr,< 10 km,<1000,229,0,0,0,29,0,1,40,0,0,0,0,11,0,128,20
w,51-60,ja,ledig,nein,Montag,>17 Uhr,10 - 25 km,1000-<2000,122,0,0,0,7,0,14,11,0,0,30,0,12,48,0,0
m,18-30,nein,ledig,nein,Samstag,14-17 Uhr,< 10 km,3200-<4500,196,5,54,0,0,0,1,0,0,12,0,12,0,112,0,0
w,18-30,ja,Partnerschaft,ja,Samstag,10-12 Uhr,10 - 25 km,1000-<2000,238,32,0,0,0,0,0,26,0,0,0,0,0,0,0,180
w,18-30,nein,Partnerschaft,ja,Donnerstag,12-14 Uhr,< 10 km,<1000,80,0,0,0,0,0,0,10,0,0,0,0,70,0,0,0
w,18-30,nein,ledig,nein,Freitag,>17 Uhr,< 10 km,1000-<2000,87,0,0,0,0,0,0,0,0,0,18,6,0,0,0,63
w,31-40,nein,Partnerschaft,nein,Mittwoch,12-14 Uhr,10 - 25 km,1000-<2000,89,0,0,0,0,14,0,0,0,0,0,0,51,0,24,0
m,18-30,nein,Partnerschaft,ja,Samstag,14-17 Uhr,> 25 km,2000-<3200,303,14,0,5,28,0,18,0,184,10,0,8,0,36,0,0
m,51-60,nein,ledig,ja,Montag,>17 Uhr,< 10 km,>4500,293,1,0,0,14,0,0,0,0,180,0,8,0,0,90,0
w,18-30,nein,Partnerschaft,ja,Donnerstag,>17 Uhr,< 10 km,<1000,138,0,5,0,0,0,0,0,24,0,0,4,0,0,105,0
w,>60,ja,Partnerschaft,nein,Donnerstag,<10 Uhr,< 10 km,1000-<2000,272,0,0,0,42,0,4,1,0,0,0,28,17,40,140,0
w,18-30,ja,ledig,ja,Samstag,12-14 Uhr,< 10 km,<1000,113,0,0,0,3,0,0,0,80,0,0,0,0,30,0,0
w,41-50,ja,Partnerschaft,ja,Freitag,>17 Uhr,10 - 25 km,2000-<3200,150,0,0,0,0,0,0,21,18,45,0,0,0,66,0,0
m,18-30,nein,Partnerschaft,nein,Samstag,>17 Uhr,< 10 km,>4500,390,0,0,0,7,126,40,0,16,180,18,3,0,0,0,0
w,18-30,nein,ledig,ja,Donnerstag,10-12 Uhr,< 10 km,1000-<2000,99,0,8,0,1,0,0,0,0,0,0,0,0,90,0,0
m,>60,ja,Partnerschaft,nein,Samstag,<10 Uhr,10 - 25 km,1000-<2000,404,16,0,0,0,0,0,12,92,175,0,1,0,0,72,36
w,18-30,ja,Partnerschaft,nein,Donnerstag,12-14 Uhr,< 10 km,1000-<2000,99,0,0,0,99,0,0,0,0,0,0,0,0,0,0,0
w,18-30,nein,Partnerschaft,ja,Montag,10-12 Uhr,10 - 25 km,1000-<2000,36,0,0,0,0,0,0,0,0,26,0,0,0,10,0,0
w,51-60,nein,Partnerschaft,nein,Samstag,<10 Uhr,10 - 25 km,1000-<2000,66,4,0,0,15,0,9,12,0,0,12,0,14,0,0,0
w,51-60,ja,ledig,nein,Samstag,10-12 Uhr,< 10 km,<1000,131,0,0,0,18,0,2,17,0,0,0,0,34,15,0,45
m,18-30,ja,Partnerschaft,ja,Samstag,14-17 Uhr,> 25 km,<1000,337,11,0,0,8,0,3,0,190,7,6,10,0,0,90,12
m,18-30,ja,ledig,ja,Freitag,14-17 Uhr,10 - 25 km,3200-<4500,63,6,0,21,0,6,19,0,0,5,0,6,0,0,0,0
w,18-30,nein,ledig,nein,Samstag,12-14 Uhr,> 25 km,3200-<4500,140,0,0,1,0,3,12,0,0,0,0,0,0,36,88,0
m,18-30,nein,ledig,ja,Samstag,14-17 Uhr,< 10 km,<1000,177,22,0,0,0,0,3,0,133,19,0,0,0,0,0,0
w,18-30,nein,Partnerschaft,nein,Montag,12-14 Uhr,< 10 km,1000-<2000,194,24,72,32,0,0,0,42,0,0,0,0,0,0,24,0
w,31-40,nein,ledig,ja,Montag,12-14 Uhr,< 10 km,2000-<3200,235,0,0,0,0,0,0,0,75,160,0,0,0,0,0,0
m,18-30,nein,Partnerschaft,nein,Samstag,12-14 Uhr,< 10 km,1000-<2000,200,12,0,0,12,0,16,30,11,8,54,2,0,55,0,0
m,18-30,nein,ledig,nein,Samstag,12-14 Uhr,< 10 km,1000-<2000,750,5,0,0,20,0,20,0,270,188,0,12,171,64,0,0
w,>60,nein,Partnerschaft,nein,Samstag,10-12 Uhr,< 10 km,3200-<4500,186,25,0,0,2,0,0,23,0,0,0,0,136,0,0,0
m,18-30,nein,Partnerschaft,nein,Samstag,>17 Uhr,< 10 km,1000-<2000,99,6,0,0,6,40,2,0,13,26,0,6,0,0,0,0
m,>60,nein,ledig,nein,Samstag,14-17 Uhr,< 10 km,3200-<4500,71,13,0,0,0,0,0,0,32,0,0,5,0,0,0,21
w,41-50,ja,ledig,nein,Samstag,>17 Uhr,< 10 km,1000-<2000,44,0,0,0,0,0,0,0,0,0,0,0,44,0,0,0
m,>60,ja,ledig,nein,Donnerstag,<10 Uhr,< 10 km,<1000,50,3,0,0,0,0,0,0,0,0,0,0,40,7,0,0
w,>60,ja,ledig,nein,Samstag,10-12 Uhr,> 25 km,>4500,340,0,0,0,47,0,49,21,0,198,0,14,11,0,0,0
w,>60,nein,ledig,nein,Donnerstag,<10 Uhr,10 - 25 km,2000-<3200,278,0,0,4,7,0,11,3,189,57,0,0,7,0,0,0
m,18-30,nein,ledig,ja,Samstag,<10 Uhr,< 10 km,2000-<3200,81,10,0,0,0,0,12,0,49,9,0,1,0,0,0,0
w,>60,nein,Partnerschaft,nein,Samstag,<10 Uhr,< 10 km,>4500,419,0,0,2,7,42,11,0,344,0,0,0,2,11,0,0
m,18-30,nein,ledig,nein,Samstag,14-17 Uhr,< 10 km,1000-<2000,281,38,40,0,0,0,23,0,102,2,72,4,0,0,0,0
w,18-30,nein,ledig,nein,Donnerstag,<10 Uhr,> 25 km,<1000,273,0,0,0,0,0,0,0,66,38,0,0,105,0,0,64
m,18-30,ja,ledig,nein,Samstag,14-17 Uhr,< 10 km,>4500,85,6,0,0,40,0,15,0,0,14,0,10,0,0,0,0
w,31-40,nein,Partnerschaft,nein,Donnerstag,>17 Uhr,10 - 25 km,<1000,5,0,5,0,0,0,0,0,0,0,0,0,0,0,0,0
m,41-50,nein,ledig,ja,Samstag,>17 Uhr,10 - 25 km,<1000,26,8,0,0,0,0,0,0,0,0,0,5,0,0,13,0
m,41-50,nein,Partnerschaft,nein,Mittwoch,>17 Uhr,10 - 25 km,2000-<3200,360,2,0,0,0,0,60,0,0,0,0,14,216,0,68,0
w,41-50,ja,Partnerschaft,nein,Donnerstag,>17 Uhr,< 10 km,1000-<2000,170,0,0,0,0,0,50,0,0,0,0,0,120,0,0,0
w,>60,nein,Partnerschaft,nein,Samstag,<10 Uhr,< 10 km,1000-<2000,184,2,0,0,42,0,12,25,0,32,0,0,7,64,0,0
w,51-60,nein,ledig,ja,Samstag,14-17 Uhr,10 - 25 km,3200-<4500,135,15,30,0,3,0,12,13,0,0,0,0,17,20,25,0
m,>60,ja,Partnerschaft,nein,Samstag,<10 Uhr,10 - 25 km,<1000,30,14,0,0,0,1,0,0,0,0,0,15,0,0,0,0
w,41-50,nein,ledig,nein,Samstag,<10 Uhr,< 10 km,3200-<4500,403,0,0,0,0,0,72,0,0,45,36,0,0,63,52,135
m,31-40,nein,ledig,nein,Samstag,<10 Uhr,> 25 km,1000-<2000,321,7,0,24,0,0,0,80,207,0,0,3,0,0,0,0
w,18-30,nein,Partnerschaft,ja,Samstag,>17 Uhr,10 - 25 km,1000-<2000,40,0,0,0,0,0,0,0,0,0,0,40,0,0,0,0
m,41-50,nein,ledig,nein,Freitag,<10 Uhr,10 - 25 km,2000-<3200,143,0,0,0,0,0,0,90,0,0,0,5,0,0,48,0
m,18-30,ja,ledig,ja,Dienstag,<10 Uhr,> 25 km,1000-<2000,61,13,0,0,0,0,7,0,6,8,0,12,0,15,0,0
w,>60,nein,Partnerschaft,nein,Mittwoch,>17 Uhr,< 10 km,1000-<2000,243,0,4,1,21,0,14,16,168,0,0,0,19,0,0,0
w,18-30,ja,ledig,nein,Donnerstag,10-12 Uhr,10 - 25 km,<1000,0,0,0,0,0,0,0,0,0,0,0,0,0,0,0,0
m,41-50,nein,ledig,ja,Samstag,>17 Uhr,10 - 25 km,3200-<4500,260,13,12,0,0,0,0,0,41,84,0,4,0,26,80,0
w,18-30,ja,ledig,ja,Freitag,>17 Uhr,10 - 25 km,<1000,100,54,0,0,36,0,0,0,0,0,0,0,0,10,0,0
m,18-30,nein,ledig,nein,Donnerstag,10-12 Uhr,< 10 km,3200-<4500,337,8,10,0,0,0,37,0,60,13,0,3,180,0,0,26
w,>60,nein,ledig,nein,Samstag,>17 Uhr,< 10 km,3200-<4500,211,0,0,0,13,20,3,14,0,91,0,0,6,25,0,39
w,18-30,nein,Partnerschaft,nein,Samstag,>17 Uhr,< 10 km,1000-<2000,306,0,0,0,0,0,0,0,135,130,0,0,36,5,0,0
m,41-50,nein,ledig,ja,Samstag,>17 Uhr,< 10 km,1000-<2000,628,13,0,0,0,0,0,30,280,98,0,11,0,136,60,0
m,18-30,ja,Partnerschaft,nein,Mittwoch,>17 Uhr,> 25 km,1000-<2000,129,9,0,27,0,0,1,0,19,43,0,6,0,0,24,0
m,>60,ja,ledig,nein,Samstag,10-12 Uhr,< 10 km,>4500,81,23,0,0,0,0,0,0,0,0,0,10,0,48,0,0
m,51-60,nein,ledig,nein,Dienstag,<10 Uhr,< 10 km,2000-<3200,289,9,45,16,0,8,63,0,11,130,0,7,0,0,0,0
w,41-50,nein,ledig,ja,Dienstag,10-12 Uhr,< 10 km,>4500,195,0,0,18,3,0,54,0,0,80,0,16,24,0,0,0
m,41-50,ja,ledig,nein,Samstag,12-14 Uhr,10 - 25 km,2000-<3200,81,7,6,0,0,0,0,0,0,0,0,13,0,55,0,0
m,41-50,nein,ledig,nein,Samstag,<10 Uhr,10 - 25 km,2000-<3200,249,0,81,0,0,0,0,32,0,114,14,8,0,0,0,0
m,31-40,nein,ledig,ja,Samstag,<10 Uhr,< 10 km,3200-<4500,206,6,4,0,0,0,7,0,86,0,6,9,0,88,0,0
w,41-50,nein,Partnerschaft,nein,Samstag,12-14 Uhr,< 10 km,1000-<2000,14,0,0,14,0,0,0,0,0,0,0,0,0,0,0,0
w,>60,nein,ledig,nein,Donnerstag,10-12 Uhr,< 10 km,<1000,243,0,0,0,12,24,7,26,24,0,0,0,14,64,72,0
m,18-30,nein,ledig,nein,Samstag,<10 Uhr,> 25 km,1000-<2000,34,5,0,0,0,0,13,0,10,4,0,2,0,0,0,0
m,18-30,nein,Partnerschaft,nein,Samstag,>17 Uhr,< 10 km,3200-<4500,180,11,14,21,0,0,10,0,10,19,0,5,0,90,0,0
w,18-30,nein,ledig,nein,Samstag,10-12 Uhr,< 10 km,3200-<4500,65,0,0,0,0,0,0,0,0,0,35,0,0,0,30,0
m,18-30,nein,ledig,nein,Samstag,<10 Uhr,< 10 km,1000-<2000,466,33,0,0,27,0,0,0,9,153,0,14,0,90,140,0
m,18-30,nein,ledig,nein,Samstag,12-14 Uhr,< 10 km,1000-<2000,53,11,0,0,0,0,20,0,1,21,0,0,0,0,0,0
m,18-30,ja,ledig,nein,Samstag,<10 Uhr,< 10 km,2000-<3200,173,7,0,0,36,0,12,0,5,10,49,12,0,18,0,24
w,41-50,ja,ledig,ja,Montag,10-12 Uhr,> 25 km,1000-<2000,218,0,0,0,0,0,128,0,72,18,0,0,0,0,0,0
m,18-30,ja,ledig,nein,Samstag,>17 Uhr,< 10 km,>4500,180,2,0,0,0,0,2,32,95,21,0,6,0,0,0,22
w,>60,nein,ledig,nein,Mittwoch,>17 Uhr,< 10 km,2000-<3200,190,0,0,0,8,0,14,5,102,0,0,0,7,54,0,0
w,18-30,nein,Partnerschaft,ja,Dienstag,<10 Uhr,10 - 25 km,2000-<3200,462,0,0,0,0,72,0,16,161,0,0,8,0,63,126,16
w,41-50,ja,ledig,nein,Freitag,>17 Uhr,10 - 25 km,3200-<4500,295,0,0,0,0,21,0,70,0,176,0,0,0,28,0,0
m,18-30,nein,ledig,nein,Samstag,10-12 Uhr,> 25 km,>4500,190,8,9,28,0,0,86,0,5,0,45,9,0,0,0,0
w,41-50,nein,ledig,nein,Samstag,10-12 Uhr,< 10 km,>4500,5,0,0,0,0,0,0,0,0,0,5,0,0,0,0,0
w,41-50,nein,ledig,ja,Montag,12-14 Uhr,< 10 km,>4500,336,0,28,0,0,0,8,27,135,0,0,0,60,0,8,70
m,18-30,ja,ledig,ja,Samstag,<10 Uhr,10 - 25 km,>4500,174,29,0,0,0,10,20,0,8,18,0,4,0,85,0,0
w,>60,nein,ledig,nein,Samstag,14-17 Uhr,< 10 km,2000-<3200,361,64,0,0,8,0,2,21,0,0,0,0,203,0,0,63
m,51-60,nein,ledig,nein,Samstag,<10 Uhr,10 - 25 km,<1000,32,9,0,2,0,0,0,0,0,0,0,21,0,0,0,0
w,41-50,nein,Partnerschaft,nein,Samstag,10-12 Uhr,10 - 25 km,1000-<2000,46,0,0,0,18,0,0,0,0,0,0,0,28,0,0,0
m,18-30,nein,ledig,nein,Mittwoch,12-14 Uhr,< 10 km,1000-<2000,190,9,0,0,18,0,17,68,3,19,0,1,0,55,0,0
m,18-30,nein,Partnerschaft,nein,Samstag,<10 Uhr,< 10 km,1000-<2000,123,31,0,0,0,0,11,24,14,16,0,12,15,0,0,0
w,18-30,nein,Partnerschaft,nein,Samstag,>17 Uhr,10 - 25 km,1000-<2000,6,0,0,6,0,0,0,0,0,0,0,0,0,0,0,0
m,>60,nein,ledig,nein,Samstag,<10 Uhr,10 - 25 km,1000-<2000,259,4,24,2,16,0,0,0,144,0,0,5,0,4,0,60
w,>60,ja,ledig,nein,Montag,<10 Uhr,10 - 25 km,1000-<2000,242,2,72,0,23,0,2,131,0,0,0,0,12,0,0,0
m,>60,nein,ledig,nein,Samstag,12-14 Uhr,< 10 km,3200-<4500,32,11,0,0,0,8,0,0,0,0,6,7,0,0,0,0
m,31-40,nein,ledig,ja,Montag,10-12 Uhr,> 25 km,2000-<3200,32,7,0,0,0,0,0,0,0,0,24,1,0,0,0,0
w,>60,ja,ledig,nein,Samstag,<10 Uhr,> 25 km,1000-<2000,81,3,20,0,17,0,6,18,0,0,0,0,17,0,0,0
m,41-50,ja,ledig,ja,Samstag,>17 Uhr,> 25 km,1000-<2000,120,10,0,0,0,0,0,96,0,0,0,14,0,0,0,0
w,>60,ja,Partnerschaft,nein,Donnerstag,10-12 Uhr,10 - 25 km,<1000,329,0,0,0,39,65,70,0,0,80,48,0,2,16,0,9
m,18-30,ja,ledig,ja,Samstag,<10 Uhr,10 - 25 km,2000-<3200,129,2,0,12,8,0,10,0,0,7,0,6,0,84,0,0
m,31-40,nein,Partnerschaft,nein,Samstag,>17 Uhr,< 10 km,1000-<2000,19,1,0,4,0,0,0,0,0,0,0,14,0,0,0,0
m,18-30,nein,Partnerschaft,nein,Montag,<10 Uhr,< 10 km,2000-<3200,137,5,0,0,0,0,13,21,17,50,0,15,0,0,16,0
w,>60,nein,ledig,nein,Dienstag,<10 Uhr,< 10 km,<1000,355,24,20,0,6,0,13,33,0,162,0,0,13,84,0,0
w,18-30,nein,ledig,nein,Dienstag,>17 Uhr,10 - 25 km,3200-<4500,114,0,0,0,42,0,0,0,0,0,0,0,0,72,0,0
w,>60,nein,Partnerschaft,ja,Donnerstag,10-12 Uhr,10 - 25 km,3200-<4500,177,0,30,0,4,0,100,8,25,0,0,0,10,0,0,0
m,31-40,nein,ledig,ja,Samstag,10-12 Uhr,10 - 25 km,2000-<3200,456,12,0,0,0,0,0,0,0,0,0,2,160,84,198,0
w,31-40,nein,Partnerschaft,ja,Samstag,<10 Uhr,< 10 km,<1000,167,1,0,0,0,126,0,40,0,0,0,0,0,0,0,0
w,41-50,nein,ledig,nein,Samstag,>17 Uhr,10 - 25 km,3200-<4500,102,0,0,0,3,0,0,0,0,0,16,0,48,35,0,0
w,>60,nein,ledig,nein,Samstag,<10 Uhr,< 10 km,1000-<2000,310,0,0,0,24,0,14,25,0,138,0,0,5,104,0,0
w,>60,nein,ledig,nein,Donnerstag,10-12 Uhr,< 10 km,1000-<2000,389,0,0,0,15,0,48,19,145,0,0,0,162,0,0,0
w,51-60,nein,ledig,nein,Samstag,>17 Uhr,> 25 km,2000-<3200,121,0,0,0,7,21,7,19,0,52,0,0,15,0,0,0
w,>60,nein,ledig,nein,Samstag,12-14 Uhr,< 10 km,<1000,228,0,0,0,40,0,10,47,0,96,0,0,11,24,0,0
w,51-60,nein,ledig,nein,Donnerstag,>17 Uhr,10 - 25 km,2000-<3200,50,12,0,0,4,0,3,13,0,0,0,0,18,0,0,0
m,18-30,ja,ledig,ja,Samstag,>17 Uhr,< 10 km,2000-<3200,163,6,104,0,0,0,6,18,14,4,0,0,0,0,11,0
